"2002","OPR","DPR","CCWM"
"frc80","15.5601505184005","9.02751898347455","6.53263153492599"
"frc368","13.5008143136544","10.661883405412","2.83893090824242"
"frc399","11.9791697240465","11.2352970105497","0.743872713496843"
"frc702","12.8766724988722","16.3155117768527","-3.43883927798043"
"frc498","6.52302244127692","17.6892032728134","-11.1661808315365"
"frc861","16.1377857319001","12.5000529614498","3.63773277045023"
"frc691","10.7169074178892","12.3805427578656","-1.66363533997639"
"frc524","14.4291576296202","10.7367856242407","3.69237200537953"
"frc22","13.7909524496504","7.87050776630296","5.92044468334743"
"frc597","11.0693558641736","16.6700919876261","-5.60073612345251"
"frc980","12.9562567584986","12.5580138506807","0.398242907817837"
"frc974","4.96964255884464","16.6523141479269","-11.6826715890823"
"frc114","13.6066488229976","12.824546117974","0.78210270502357"
"frc968","15.0467792384605","15.4001381832193","-0.353358944758753"
"frc995","6.90344692593919","13.752050289757","-6.84860336381779"
"frc698","14.8695897003546","15.3038300403968","-0.434240340042201"
"frc988","7.92087649921358","17.7223036430713","-9.80142714385769"
"frc634","15.5332114338319","11.8204017022915","3.71280973154036"
"frc987","21.9726762289697","4.61640472369113","17.3562715052786"
"frc697","9.52436377954094","16.4922562921352","-6.96789251259423"
"frc981","19.3901341631079","15.6783755205975","3.71175864251048"
"frc64","11.8231536851279","13.0041887910472","-1.18103510591923"
"frc701","12.1856525520965","14.2567284399935","-2.07107588789701"
"frc599","10.332774902523","11.6818110772699","-1.34903617474689"
"frc989","14.4566726785027","14.8078916585901","-0.351218980087463"
"frc362","15.5624665572403","19.6552237855007","-4.09275722826037"
"frc991","17.2205617952518","9.22115799342272","7.99940380182908"
"frc259","16.5378115603759","18.5091003532294","-1.97128879285346"
"frc850","15.7465907876608","21.4014517453778","-5.65486095771703"
"frc589","11.9871846300064","11.5117429111867","0.475441718819757"
"frc478","18.0114292702925","17.0450773955604","0.966351874732108"
"frc256","12.9240116934969","13.498845124755","-0.574833431258085"
"frc591","15.3897743121566","16.1602535094116","-0.770479197255035"
"frc60","17.3608392372068","5.14594977783473","12.2148894593721"
"frc330","13.2402187562821","7.98190326130911","5.25831549497298"
"frc851","14.4391835713168","7.43153313014021","7.0076504411766"
"frc853","12.2079398208693","17.289407025896","-5.08146720502678"
"frc580","8.34918727082647","9.13177576319751","-0.782588492371044"
"frc842","21.2954735419492","9.48855768759089","11.8069158543583"
"frc898","14.3562156405971","19.7424861249629","-5.38627048436583"
"frc576","13.2993859197334","16.5564876315943","-3.25710171186084"
"frc598","5.73239961676163","14.029569310814","-8.29716969405233"
"frc294","12.3718409863366","18.0730558371239","-5.70121485078725"
"frc687","18.4179343053305","19.2237073683947","-0.805773063064258"
"frc295","12.5975867332563","16.3085405712835","-3.71095383802711"
"frc585","17.3122226264674","12.4391263644619","4.87309626200556"
"frc207","14.722698164857","12.5316486020685","2.19104956278852"
"frc606","10.0137887779557","18.7894523468353","-8.77566356887962"
"frc696","10.1368434039733","13.8157034291022","-3.67886002512893"
"frc700","17.3552949078159","13.8366043987655","3.51869050905046"
"frc812","7.27252227902928","22.8759462862097","-15.6034240071804"
"frc492","14.4856916214987","12.5697579732085","1.91593364829015"
"frc867","14.2308079095059","16.0771040063577","-1.84629609685174"
"frc376","11.8458663489258","7.95859793616578","3.88726841275998"
"frc992","15.6884592761255","15.2750158299308","0.413443446194684"
"frc990","9.67352424808503","15.5774551529813","-5.90393090489632"
"frc410","12.9367922229783","20.349131204875","-7.4123389818967"
"frc996","12.1829396554451","20.8659691081545","-8.68302945270936"
"frc962","12.3728952556781","14.501777832907","-2.12888257722894"
"frc848","16.1689626095175","16.9378144382671","-0.768851828749607"
"frc173","19.1725581044464","13.4625074811714","5.71005062327492"
"frc71","12.1634556195361","5.98779362371932","6.17566199581675"
"frc66","14.4457790975245","8.72093165404257","5.72484744348189"
"frc233","13.6390403650881","14.4260829239239","-0.787042558835816"
"frc25","4.85468638563363","10.2764267226632","-5.42174033702961"
"frc118","10.7434670685035","9.03375298281545","1.70971408568809"
"frc311","14.2264950180483","9.55076552430205","4.67572949374623"
"frc308","9.35817111932837","11.034416926543","-1.67624580721468"
"frc180","19.4087090874145","6.26062061776829","13.1480884696462"
"frc144","13.9105337300411","17.9457940230843","-4.0352602930432"
"frc195","8.97749252103258","8.10321929986513","0.874273221167453"
"frc88","12.4936813651208","14.8898068987737","-2.39612553365289"
"frc571","15.2892871722298","15.3651453852232","-0.0758582129934613"
"frc839","19.3804897463123","12.7097644976674","6.67072524864484"
"frc138","15.9983221319188","11.0836203802684","4.91470175165035"
"frc95","17.5437394322031","19.449934495545","-1.90619506334187"
"frc505","16.7732088323198","18.6513980259102","-1.8781891935904"
"frc501","8.14974520333429","24.7137650442904","-16.5640198409561"
"frc38","12.7120895782287","5.77102010952732","6.94106946870138"
"frc96","15.9092733239478","14.4934078196666","1.41586550428124"
"frc241","8.6425449798972","13.925583159597","-5.28303817969983"
"frc271","14.5835131073093","10.5455562313304","4.03795687597892"
"frc175","20.7753252169181","16.5939115375855","4.18141367933261"
"frc716","6.70213379413012","9.59398370891634","-2.89184991478622"
"frc287","14.5025096514687","14.3922583328634","0.110251318605311"
"frc237","14.3909910489691","14.5423127864868","-0.151321737517705"
"frc512","13.033293604404","25.3812988948287","-12.3480052904247"
"frc348","15.6673104879228","7.93822145682467","7.72908903109811"
"frc126","24.2468390203023","27.6283286998314","-3.38148967952906"
"frc319","19.1098733715955","15.31256500788","3.7973083637155"
"frc103","16.3323962504775","15.1700102842839","1.16238596619362"
"frc236","18.8821646614425","23.9686160386164","-5.08645137717388"
"frc178","11.5142273533887","16.6641318723285","-5.14990451893982"
"frc230","11.0961253533144","10.4404913498203","0.655634003494161"
"frc140","19.6640878666153","23.4349539000401","-3.77086603342479"
"frc151","10.1861887832044","10.147461373286","0.0387274099184527"
"frc131","12.8932135067916","15.48622865383","-2.59301514703845"
"frc809","12.1949579595197","20.9940364745345","-8.79907851501485"
"frc984","9.70223915548924","23.8886144541849","-14.1863752986956"
"frc394","-0.457268694751917","7.15539136054673","-7.61266005529865"
"frc145","12.13699391785","8.93032116934153","3.20667274850845"
"frc293","20.2792268435725","14.87634851928","5.40287832429247"
"frc811","14.9943577885108","14.5127740840789","0.481583704431866"
"frc213","20.9701103074742","12.7118298229073","8.25828048456682"
"frc546","15.7386188406865","16.8190105674318","-1.08039172674531"
"frc40","8.23718275268117","23.8677784299112","-15.63059567723"
"frc133","15.0963869543435","10.2452762968549","4.85111065748858"
"frc782","26.624779712291","22.4449633111764","4.17981640111464"
"frc228","15.4278904279843","19.4346431345045","-4.00675270652023"
"frc467","15.7018735673434","12.7220283411428","2.97984522620064"
"frc562","21.9987557285631","13.7850275779503","8.21372815061281"
"frc166","20.4993866376042","18.7198624844984","1.77952415310573"
"frc177","15.4633945417873","21.4620924611036","-5.99869791931632"
"frc246","17.4949453139342","26.1856447708785","-8.69069945694436"
"frc42","21.1599938306368","16.6186947780933","4.54129905254351"
"frc500","10.1793490555149","31.2887077131074","-21.1093586575925"
"frc134","16.3903061506177","13.7986599228324","2.5916462277853"
"frc238","21.0274002288971","13.8926431803463","7.13475704855077"
"frc521","15.9579569312928","14.1959420302785","1.76201490101429"
"frc250","12.2149731839911","16.1364936397138","-3.92152045572269"
"frc58","21.8800448047592","7.56702071653586","14.3130240882233"
"frc155","7.21074992709186","15.7198280957214","-8.50907816862953"
"frc999","10.9753626395085","17.5099937794604","-6.53463113995185"
"frc69","22.4389159494061","6.18246509040663","16.2564508589994"
"frc176","14.610375300118","12.7478297001847","1.86254559993329"
"frc121","19.591537075561","11.4076493336442","8.18388774191684"
"frc596","9.91101919705087","15.0751299170486","-5.16411071999774"
"frc558","15.0110830866389","22.1704865038811","-7.15940341724221"
"frc97","13.905768033032","15.9117242910418","-2.00595625800982"
"frc125","13.929041081986","14.0421107483418","-0.113069666355761"
"frc157","18.4895431776224","15.1133244861644","3.376218691458"
"frc181","15.8285586666415","17.7613644521736","-1.93280578553205"
"frc186","10.6831785937562","8.50849704288594","2.17468155087028"
"frc343","9.02463541124571","9.80436398537812","-0.779728574132402"
"frc105","11.8097724447432","16.1635416092027","-4.35376916445948"
"frc278","16.1178741464315","16.479205633357","-0.361331486925483"
"frc393","7.82149471799764","17.2767868905965","-9.45529217259888"
"frc804","17.5983727789128","10.8807342136892","6.71763856522354"
"frc179","9.97147299755894","14.3543462000081","-4.38287320244913"
"frc57","14.3935645944976","7.89678863391287","6.49677596058473"
"frc411","17.1381900306116","20.0983105456044","-2.96012051499273"
"frc61","9.13194642188952","5.44909576632334","3.68285065556617"
"frc79","13.7010871324145","12.8213370701465","0.879750062267957"
"frc415","11.2475496363017","16.1539047396956","-4.90635510339385"
"frc59","8.05550940532708","14.1429574210586","-6.08744801573157"
"frc588","15.7609691277789","20.0651781766853","-4.3042090489064"
"frc408","11.0824838566155","23.0975748549972","-12.0150909983817"
"frc685","16.8393405692335","17.8542641748165","-1.01492360558304"
"frc866","10.5759389059441","24.803553720974","-14.2276148150299"
"frc582","6.06897994208196","20.0418651930043","-13.9728852509223"
"frc801","11.1922933391804","16.5020988354671","-5.3098054962867"
"frc780","24.7941781704827","13.9093430292448","10.8848351412379"
"frc342","11.8925664842612","12.2019573954286","-0.309390911167331"
"frc168","12.6302748428208","11.8158817513078","0.814393091512981"
"frc395","15.1477775666014","11.7121281134212","3.43564945318022"
"frc946","15.9240115308273","15.0319382479633","0.892073282863997"
"frc386","14.6899636406719","17.6680353645474","-2.97807172387547"
"frc654","18.0794570906918","11.5624717113635","6.51698537932837"
"frc665","13.7372837002128","12.157646250339","1.57963744987381"
"frc832","11.9851972414343","15.703065083517","-3.71786784208279"
"frc267","15.5648374894659","6.94491213774765","8.61992535171822"
"frc901","13.347383068257","11.9146653444883","1.43271772376868"
"frc945","18.0770422246821","13.5380325906992","4.53900963398288"
"frc86","16.4154839221199","19.0525776219931","-2.63709369987313"
"frc547","11.9280641288025","14.9700092782197","-3.0419451494172"
"frc710","19.6572433887893","17.8658080683618","1.79143532042756"
"frc459","13.4528374635925","24.6750644527834","-11.2222269891909"
"frc21","15.8268177202062","13.2223203201166","2.60449740008959"
"frc108","15.2952152111704","9.48447043179343","5.81074477937698"
"frc690","12.6482654903035","25.5537131506538","-12.9054476603503"
"frc507","6.78147047130156","12.7991584033211","-6.01768793201951"
"frc212","11.3205470138365","15.0267868429126","-3.70623982907609"
"frc947","17.9968805016476","15.1994361172265","2.79744438442111"
"frc147","25.5801205383852","10.9735750062046","14.6065455321806"
"frc312","10.5228986704897","4.48519351031726","6.03770516017241"
"frc538","12.1008627616566","13.8064796080651","-1.70561684640849"
"frc247","10.6018286220514","7.85844697537785","2.74338164667357"
"frc68","12.9557826600787","6.64052721490303","6.31525544517571"
"frc274","12.5942383716523","14.6385892817322","-2.04435091007995"
"frc440","19.5832420791553","13.6769926414137","5.90624943774163"
"frc279","8.99800864216109","9.92093926413711","-0.922930621976018"
"frc910","10.4644597501775","11.0728802619786","-0.608420511801098"
"frc33","13.124307462299","10.7973317439321","2.32697571836697"
"frc302","7.23022897256205","6.11094082218121","1.11928815038084"
"frc1","9.4724435735524","7.40260281471969","2.06984075883271"
"frc560","18.4194658644586","9.60696102167022","8.81250484278835"
"frc249","10.9916566575288","13.9481469913289","-2.95649033380012"
"frc245","8.89710940594858","12.1470207866492","-3.24991138070057"
"frc557","18.4697182217579","19.0469261204222","-0.577207898664376"
"frc326","8.13351794749065","18.3172181285806","-10.18370018109"
"frc280","22.0893062568985","15.4554030685411","6.63390318835748"
"frc184","15.5491420285469","19.5932244600845","-4.04408243153759"
"frc453","13.4989872230602","22.6416719901553","-9.14268476709506"
"frc862","13.319880931095","15.9538572344038","-2.63397630330882"
"frc65","16.0770487705396","14.1283790775899","1.94866969294975"
"frc292","13.4705904693225","17.6965528308606","-4.2259623615381"
"frc903","14.1483335755246","14.3471045144899","-0.198770938965298"
"frc47","16.6975607145921","14.2039439325492","2.49361678204296"
"frc703","13.4107917432533","14.7025093362479","-1.29171759299458"
"frc548","12.372262345145","10.354555142209","2.01770720293599"
"frc468","8.35090138824283","29.981168942957","-21.6302675547142"
"frc5","11.6265183575672","18.2632479641443","-6.63672960657713"
"frc111","13.8479214533898","10.9563008331373","2.89162062025252"
"frc301","16.0328972273639","18.6241973057202","-2.59130007835622"
"frc182","11.1798891678455","16.7759825819361","-5.59609341409065"
"frc515","15.3711470519687","17.980751931654","-2.60960487968532"
"frc471","15.4187485517882","16.3118574439193","-0.893108892131075"
"frc451","17.148867797914","23.5041250605863","-6.35525726267231"
"frc815","13.0412842795991","14.7533173893043","-1.71203310970519"
"frc830","14.8679873099036","21.0497835765557","-6.18179626665214"
"frc902","16.8736378113827","11.8521780321474","5.02145977923524"
"frc379","17.6969749008523","15.2705567267044","2.42641817414782"
"frc226","16.7890477624851","18.6527547176306","-1.8637069551455"
"frc573","14.6806370457035","14.1904674561358","0.49016958956774"
"frc835","20.248291721325","15.8355022025353","4.4127895187897"
"frc94","12.1145876746722","14.5331865882154","-2.41859891354319"
"frc217","14.4656358386338","20.5320164748978","-6.06638063626397"
"frc67","14.5615774429022","13.6896024175849","0.871975025317333"
"frc406","6.89280032449648","5.00039539394638","1.8924049305501"
"frc188","11.5704951052928","9.35920117490697","2.21129393038581"
"frc494","17.1086031932082","16.3898855640333","0.718717629174925"
"frc314","13.5697749547353","11.9277186798517","1.64205627488358"
"frc313","18.5492956993276","16.4342822445538","2.11501345477373"
"frc894","24.8196839056049","14.7005689940379","10.119114911567"
"frc822","9.79647432063605","18.6479444393396","-8.8514701187035"
"frc469","8.48172115953418","-0.631782051826966","9.11350321136115"
"frc503","11.8127429304359","17.3091226343133","-5.49637970387741"
"frc240","12.5898897277169","10.318068884546","2.27182084317095"
"frc818","14.250512506894","16.5864805879794","-2.3359680810854"
"frc322","8.85342488732369","7.6873442335193","1.16608065380439"
"frc397","11.6145464913892","14.0678690583388","-2.45332256694968"
"frc49","17.6188495901629","16.7181359128813","0.900713677281608"
"frc470","16.5228559053589","17.4222078680185","-0.899351962659651"
"frc123","9.18241327531112","11.7880717427938","-2.60565846748264"
"frc519","13.6828695311469","11.4495170849675","2.2333524461794"
"frc658","12.1323893698069","19.2071980368118","-7.0748086670049"
"frc107","16.8315994194443","12.5946369866852","4.23696243275903"
"frc868","12.5019083446701","17.2848931245836","-4.78298477991349"
"frc70","11.6803279633463","19.0777164400735","-7.39738847672721"
"frc461","13.755458255737","13.2192381382496","0.536220117487337"
"frc648","12.5249015371169","14.141625711118","-1.61672417400104"
"frc167","6.64622771613941","14.7104946748914","-8.06426695875201"
"frc554","13.831097033423","18.518840548399","-4.68774351497591"
"frc85","11.0331206279621","15.3855890384919","-4.35246841052986"
"frc858","10.4916901488841","12.3896864218517","-1.89799627296752"
"frc235","9.97329578880393","10.6569827345032","-0.683686945699234"
"frc930","10.1388952510701","15.7420887396433","-5.60319348857312"
"frc857","18.581035912124","17.3847109203829","1.19632499174111"
"frc6","15.5197467082848","12.2763828270369","3.24336388124782"
"frc93","13.0590984526594","7.19499900346269","5.86409944919674"
"frc109","16.3009330810564","13.4467352422765","2.85419783877988"
"frc101","13.4698441895684","20.1899264724966","-6.72008228292819"
"frc269","15.5235984376214","18.242507546213","-2.71890910859169"
"frc141","17.9963596901843","20.9861919812449","-2.98983229106058"
"frc201","4.83259934365596","7.85590273072227","-3.02330338706631"
"frc45","15.5733375352413","8.59604961218554","6.97728792305578"
"frc391","20.9729430254429","13.5518171846244","7.4211258408185"
"frc447","13.5193996249348","13.8521638093783","-0.332764184443473"
"frc664","16.7720515035709","16.2354753933804","0.536576110190484"
"frc754","13.8977163231284","16.3004391762922","-2.40272285316385"
"frc112","17.0612708518923","17.0803809221605","-0.0191100702681481"
"frc10","20.6946321207357","20.5001905085478","0.194441612187852"
"frc135","15.8089962512056","12.749992795352","3.05900345585362"
"frc677","5.95159908144182","8.36053695291988","-2.40893787147806"
"frc706","18.1653506629974","15.6504128500374","2.51493781296004"
"frc537","13.0389378797324","20.1003446728013","-7.0614067930689"
"frc92","11.2103269858917","6.15996196718792","5.05036501870374"
"frc9","15.6815470524131","10.7017125971951","4.97983445521798"
"frc74","16.2978860999875","18.6012452367423","-2.30335913675481"
"frc224","18.6083121736521","14.9901939732702","3.61811820038192"
"frc545","11.7317736612675","10.1717319617898","1.56004169947766"
"frc358","13.0853923176592","4.23073809470019","8.85465422295903"
"frc56","9.70835003710314","15.9506342839714","-6.24228424686825"
"frc870","8.97805529574692","13.7276517661865","-4.74959647043961"
"frc569","12.505363776666","12.0686545470027","0.43670922966335"
"frc263","9.20216445174953","11.249075335076","-2.0469108833265"
"frc533","15.1419380598716","18.11386504459","-2.97192698471845"
"frc417","4.38571321290766","11.1990435916946","-6.81333037878693"
"frc601","14.6849465480194","10.8096998903432","3.87524665767619"
"frc564","16.5621993795492","17.224363629432","-0.662164249882753"
"frc502","12.672057709407","22.3353943204098","-9.66333661100281"
"frc884","14.5639541210016","18.3821638386156","-3.81820971761401"
"frc352","11.8150979618274","18.8280057462893","-7.01290778446191"
"frc506","14.0639541210015","17.7821638386156","-3.71820971761407"
"frc270","17.4729256850656","13.228626873523","4.24429881154256"
"frc136","11.4370953351992","16.7889397435998","-5.35184440840058"
"frc871","19.072057709407","21.9353943204098","-2.86333661100282"
"frc341","8.65939912346937","12.289770986957","-3.63037186348759"
"frc570","12.8052451740631","16.4978978640401","-3.69265268997698"
"frc496","16.9208532315968","10.8833779157911","6.03747531580566"
"frc30","14.3346087689098","10.7394421599549","3.59516660895487"
"frc329","17.2954481848637","16.2169928652279","1.07845531963584"
"frc381","12.0960325686202","16.4558330911399","-4.35980052251972"
"frc353","17.3664127223956","9.92241146333951","7.44400125905614"
"frc28","13.9315243492209","9.32330265806294","4.60822169115795"
"frc889","13.7249899934913","12.1059782237895","1.61901176970176"
"frc514","8.36641272239567","14.3224114633395","-5.95599874094385"
"frc810","12.2310979150029","12.5893420211132","-0.358244106110355"
"frc27","13.1641575919802","10.0225139310821","3.14164366089809"
"frc808","15.2562974890305","16.0676229767588","-0.81132548772826"
"frc904","23.7376360809953","17.8076646575326","5.92997142346277"
"frc288","18.876394185593","18.9497504550133","-0.0733562694203478"
"frc518","17.2091944300607","12.7681559184903","4.44103851157036"
"frc535","17.5596968698974","18.7473253803236","-1.18762851042621"
"frc888","9.00655912084679","13.4904827796844","-4.48392365883762"
"frc128","14.4985517447296","24.7242624726631","-10.2257107279335"
"frc688","10.0289573303122","22.3937875083483","-12.3648301780362"
"frc493","17.9562906089688","17.8801191335866","0.0761714753821714"
"frc317","13.7638011990736","9.45155479704417","4.31224640202939"
"frc171","10.7706335602784","5.7299099123192","5.0407236479592"
"frc650","4.25672169613007","14.4769094315362","-10.2201877354061"
"frc942","13.5742173859303","17.2636240470898","-3.6894066611595"
"frc892","11.7626835602779","9.23582746361488","2.52685609666297"
"frc936","14.3991000441429","14.0894232948645","0.309676749278427"
"frc31","14.1811098278032","12.0108275035999","2.17028232420327"
"frc876","8.09505909817088","14.695662470803","-6.60060337263212"
"frc969","11.3659347405301","21.7707747490259","-10.4048400084958"
"frc476","12.5674019735062","12.7921827970416","-0.224780823535401"
"frc967","15.7506111334989","14.8818308054295","0.868780328069366"
"frc874","19.2386670171083","16.9973608792302","2.24130613787809"
"frc934","19.9002140491769","13.9586706674518","5.94154338172507"
"frc931","7.83984441750481","10.9464502439633","-3.10660582645848"
"frc807","17.5860669199197","13.3534459277966","4.2326209921231"
"frc933","18.9362818190047","15.4148504942087","3.52143132479603"
"frc943","18.8807496624663","11.9157376441565","6.96501201830984"
"frc982","11.4532926597471","13.0256911696579","-1.57239850991081"
"frc906","16.8347097089649","22.1386894602745","-5.30397975130962"
"frc935","15.4622682975182","14.1085927933087","1.35367550420948"
"frc932","17.0855496589354","17.5037966450428","-0.41824698610742"
"frc770","22.4768205741606","15.5327976112896","6.94402296287098"
"frc873","10.5580879114001","17.0590247761053","-6.5009368647052"
"frc765","11.1564782871775","15.5219236311634","-4.36544534398593"
"frc525","15.3464143802276","13.6823820166125","1.6640323636151"
"frc938","16.4118269384541","18.442000550106","-2.03017361165194"
"frc462","18.7420860179935","19.1587845769452","-0.416698558951641"
"frc879","17.8071440099758","20.3520923833745","-2.54494837339869"
"frc877","12.740054626631","13.7029440194371","-0.962889392806019"
"frc880","25.6206370067395","9.76653170392609","15.8541053028134"
"frc939","9.3689934004464","17.0798753909058","-7.7108819904594"
"frc875","13.5368032140139","19.4895088910639","-5.95270567705001"
"frc81","8.27282866945544","19.8690301713818","-11.5962015019264"
"frc878","6.18660884969517","15.4827580026378","-9.29614915294265"
"frc662","13.0861913543251","22.9329702359422","-9.84677888161706"
"frc909","6.52100719054546","20.9865665005855","-14.46555931004"
"frc937","7.62486198653053","16.2177385553273","-8.59287656879673"
"frc755","9.14684430697526","13.3767901930302","-4.22994588605495"
"frc34","16.1695818611995","14.3463064509059","1.82327541029351"
"frc764","20.3537069804933","10.7977985156925","9.55590846480084"
"frc16","20.2971653525138","11.2306050611518","9.06656029136192"
"frc940","19.2787694183123","12.7219664264586","6.55680299185367"
"frc869","13.6283276741495","8.63793849458181","4.99038917956768"
"frc881","13.070708757004","14.3485378931709","-1.2778291361669"
"frc941","18.4709616501294","11.1444885898776","7.32647306025184"
"frc356","13.4642522315963","16.1740388394474","-2.70978660785119"
"frc382","13.0438967678427","16.2513250003918","-3.2074282325491"
"frc383","9.18883834711626","16.6022518793784","-7.41341353226216"
"frc291","10.5585317955895","11.1264724418554","-0.567940646265862"
"frc165","16.6417639167134","15.0331620347801","1.60860188193328"
"frc609","9.74151379413584","10.0718001746384","-0.33028638050255"
"frc955","11.3656389662535","16.4175698973453","-5.05193093109178"
"frc378","16.6779510495983","14.9088495541484","1.76910149544988"
"frc159","13.8429156620472","15.4777711698603","-1.63485550781316"
"frc84","20.0677559553642","10.3177253652957","9.75003059006856"
"frc276","14.9447904461023","22.186893201343","-7.2421027552407"
"frc174","13.8173074295396","14.4467726921699","-0.629465262630255"
"frc753","17.6028253741242","14.2296932693051","3.3731321048191"
"frc400","21.6327765426747","14.5468223968469","7.08595414582778"
"frc781","16.2608690107449","9.90731579675815","6.35355321398673"
"frc752","12.9884389141087","11.8530326857976","1.13540622831103"
"frc540","13.5863482189425","15.361264316535","-1.77491609759248"
"frc954","14.5509014183047","15.2132338717166","-0.662332453411908"
"frc541","13.1970896328388","23.848990612097","-10.6519009792582"
"frc384","9.62572538751974","13.0377509736845","-3.41202558616474"
"frc75","12.7670995258173","14.0109141860356","-1.24381466021831"
"frc365","8.54818877735594","4.70330247007406","3.84488630728189"
"frc398","16.7289124648226","11.2011308917828","5.52778157303976"
"frc374","10.083512235212","15.2465006798621","-5.16298844465005"
"frc522","9.29342870179807","9.60624560611871","-0.312816904320643"
"frc714","13.6542763378178","12.523187264338","1.13108907347974"
"frc284","17.8014792148998","17.161484553394","0.639994661505753"
"frc281","19.3186447767606","13.1996663923862","6.11897838437433"
"frc158","18.4553212578231","21.5532085617146","-3.09788730389145"
"frc568","16.2490601640685","19.9290468895077","-3.6799867254392"
"frc964","17.5609344676509","14.9994273846903","2.56150708296061"
"frc7","15.1793345461449","9.49658697526746","5.6827475708774"
"frc339","12.2165310034355","4.82961887157657","7.38691213185892"
"frc102","17.8684752555686","15.1175085946688","2.75096666089976"
"frc529","7.06167422499046","14.782912603726","-7.72123837873555"
"frc303","13.8033698359582","12.1106902367899","1.69267959916827"
"frc885","13.7799403841914","14.3557820682537","-0.575841684062244"
"frc211","6.90464021854732","9.48325789393189","-2.57861767538457"
"frc203","14.1708833724172","18.6213254985128","-4.45044212609561"
"frc613","10.4918314388671","18.714249988463","-8.22241854959595"
"frc663","13.4664419103075","16.8949961876834","-3.42855427737588"
"frc637","10.661653839987","15.4607604324973","-4.79910659251036"
"frc219","14.7518351854","19.9719864707271","-5.22015128532711"
"frc209","9.01599047918064","17.7157803312657","-8.69978985208511"
"frc223","15.3433347921862","22.4255039103694","-7.08216911818313"
"frc11","15.8724464427925","14.6325010401565","1.23994540263605"
"frc551","10.0056380806066","16.3353041724018","-6.32966609179516"
"frc555","18.5965120310678","20.9212138290331","-2.32470179796526"
"frc550","15.6383030517356","18.2155748676813","-2.57727181594568"
"frc549","12.7685804893862","7.60034337940784","5.16823710997836"
"frc679","10.4571182442693","14.0191401130311","-3.5620218687618"
"frc335","14.9137042510865","18.5046959420202","-3.59099169093369"
"frc574","5.67567775086721","18.1418294319553","-12.4661516810881"
"frc694","7.07368402387744","14.103270567834","-7.02958654395651"
"frc354","10.3724323238762","10.4364213353078","-0.0639890114316106"
"frc421","14.3537892360017","14.7377359139912","-0.383946677989435"
"frc640","21.878859788722","10.5404305568559","11.338429231866"
"frc340","19.6328601801346","15.4370627733851","4.19579740674953"
"frc331","14.2654405966582","22.6096471599331","-8.34420656327494"
"frc759","13.9068417092394","12.2480745473284","1.65876716191107"
"frc19","4.89964632516297","12.4910185989317","-7.59137227376869"
"frc743","11.571492645964","23.5960983209443","-12.0246056749803"
"frc639","7.05977312480029","8.68383676623537","-1.62406364143508"
"frc371","17.5595186512136","13.2788984443745","4.28062020683913"
"frc711","6.97220568576524","13.9617513547403","-6.98954566897508"
"frc334","14.3755961768589","17.8697049941179","-3.49410881725906"
"frc333","16.0722056857652","17.7617513547403","-1.68954566897512"
"frc806","15.9877938580981","11.1079822702642","4.87981158783392"
"frc655","13.064368249084","14.3399943004896","-1.27562605140558"
"frc887","17.9302803795205","25.2312935284974","-7.30101314897689"
"frc375","17.1035899450091","11.2096043460759","5.89398559893323"
"frc380","25.5416639839429","16.1811892113716","9.36047477257134"
"frc713","22.8787895319241","13.8633915361115","9.01539799581258"
"frc896","5.52465045036062","24.9488321847277","-19.4241817343671"
"frc41","11.234189219655","8.75215956144072","2.48202965821425"
"frc859","19.7071169666251","10.4017632448231","9.30535372180202"
"frc234","15.797869342376","22.2523366019042","-6.45446725952825"
"frc48","16.5932697104452","15.0685108452147","1.52475886523047"
"frc872","8.34336474784421","7.18270359133579","1.16066115650842"
"frc963","13.6126244997114","5.72718775483011","7.88543674488134"
"frc448","7.25606973389361","10.2186354722326","-2.96256573833901"
"frc191","12.866640606513","16.5848318361719","-3.71819122965894"
"frc642","16.1880381720777","22.9644372134258","-6.77639904134803"
"frc695","16.2149922684214","20.9636634619213","-4.74867119349992"
"frc117","16.5475688937987","16.1508002399299","0.396768653868765"
"frc652","17.9711012826165","18.0027403839715","-0.031639101355033"
"frc254","14.1065485931007","11.0304834648335","3.07606512826723"
"frc306","14.8695878760722","23.4039426862754","-8.53435481020314"
"frc229","7.11192631843085","5.63256373160538","1.47936258682546"
"frc578","11.4413013056217","14.6460653832772","-3.20476407765548"
"frc883","13.7425366846004","13.1020833411184","0.640453343482053"
"frc970","15.1252734601807","13.4717146246604","1.65355883552031"
"frc979","11.906127268874","12.4250299056531","-0.518902636779115"
"frc120","11.4291841576575","19.0918413061402","-7.66265714848273"
"frc966","11.6513554696257","10.9641746702297","0.687180799395934"
"frc779","22.3999991857696","20.1462201505772","2.25377903519233"
"frc829","21.5192019543977","19.0372986804733","2.48190327392439"
"frc758","13.279914678587","7.07015710025605","6.20975757833094"
"frc610","10.4836585987553","8.91033844093756","1.57332015781769"
"frc865","5.59147333452057","8.68872478737116","-3.0972514528506"
"frc891","8.06383205389777","5.12452434794877","2.939307705949"
"frc222","9.05602159425109","13.1840621368805","-4.12804054262943"
"frc773","16.0963657350892","19.0893026092654","-2.9929368741762"
"frc849","9.23236877018073","13.0482501092798","-3.81588133909909"
"frc783","18.3447594884986","13.9674532234398","4.37730626505878"
"frc912","15.9387079461228","13.5753777527774","2.36333019334545"
"frc772","21.4944205778158","24.3602098428701","-2.86578926505424"
"frc913","9.44410103369526","18.9600192885523","-9.51591825485708"
"frc296","20.8977015464504","15.3886109579663","5.50909058848405"
"frc776","10.5654191476312","15.8215721302341","-5.2561529826029"
"frc919","9.09209225178122","10.4592314182097","-1.36713916642849"
"frc907","14.3834932031853","18.0262516598246","-3.64275845663928"
"frc843","14.4239924131705","14.6813037854664","-0.257311372295863"
"frc641","18.6187135869079","25.656914595403","-7.03820100849506"
"frc771","16.6147437198357","22.245973825464","-5.63123010562825"
"frc886","19.8160276539977","23.5758744674948","-3.75984681349717"
"frc897","13.4413791387133","20.1136141065499","-6.67223496783655"
"frc918","19.8225569576054","14.5704014507651","5.2521555068403"
"frc63","9.84412224054172","5.69152112353212","4.1526011170096"
"frc820","17.0682222793918","18.7536895566023","-1.68546727721052"
"frc917","19.2741126112447","22.6307233100956","-3.35661069885089"
"frc854","10.8578220985116","15.2340133987771","-4.37619130026557"
"frc914","17.9826347539823","15.9902526519102","1.99238210207215"
"frc915","13.8155175338874","17.8439747832199","-4.02845724933256"
"frc863","12.5762668715987","14.8602365370168","-2.28396966541805"
"frc643","13.7446375295384","10.8029136262074","2.94172390333093"
"frc122","16.0848161594158","13.9103723278704","2.17444383154535"
"frc484","9.97103474379519","11.096351316655","-1.12531657285982"
"frc433","20.8126499245421","17.8819590942388","2.93069083030331"
"frc834","7.18637832114729","18.7968253169912","-11.6104469958439"
"frc225","12.3772551908707","14.0503736251744","-1.67311843430362"
"frc651","8.09711545612882","10.267065801342","-2.16995034521321"
"frc316","16.9078149082908","15.8729739467473","1.03484096154345"
"frc419","12.9660313045035","21.829595593344","-8.86356428884054"
"frc300","18.8470751285646","16.4146779656595","2.43239716290513"
"frc920","8.23493594578959","18.0508012928492","-9.8158653470596"
"frc444","14.9640409436603","17.663377520378","-2.69933657671769"
"frc565","14.3655478131363","16.2143397495034","-1.84879193636708"
"frc87","17.710261749857","11.8806964064216","5.82956534343544"
"frc708","22.2942712394881","15.2903577333443","7.00391350614387"
"frc802","13.0892080173832","20.2276618612731","-7.1384538438899"
"frc357","13.4231058713204","15.2677914745322","-1.84468560321183"
"frc204","15.776246080418","18.4623714454039","-2.68612536498591"
"frc561","20.4487981369112","14.1417653354751","6.3070328014361"
"frc367","19.5000373242343","7.93841095251829","11.561626371716"
"frc816","17.3222726659067","14.2027528470195","3.11951981888721"
"frc612","14.2633236506469","10.8974718411851","3.36585180946187"
"frc486","13.9149918262945","7.79405317827531","6.12093864801921"
"frc304","15.3267321804499","21.0740809201141","-5.74734873966415"
"frc709","16.488875309304","18.479383958418","-1.99050864911398"
"frc563","15.2626102133956","14.9843672063881","0.278243007007502"
"frc487","17.4387048293148","13.1222323264731","4.31647250284179"
"frc528","11.3424907969724","14.534248041067","-3.19175724409466"
"frc272","13.0359006008296","8.47116034574896","4.56474025508066"
"frc618","15.0712910057435","23.1507387598435","-8.07944775409997"
"frc104","10.7887085177664","11.3558567936092","-0.567148275842721"
"frc115","7.62519280677584","6.99181453586863","0.633378270907209"
"frc298","14.9707731797549","10.0017660040319","4.969007175723"
"frc409","6.13093438937104","17.8738047842508","-11.7428703948798"
"frc973","17.1968145195799","18.3177990880036","-1.12098456842368"
"frc8","12.0186768868617","6.82854534095696","5.19013154590478"
"frc100","8.28188313743077","8.74768064336179","-0.465797505931016"
"frc190","15.1898024325278","13.370822076179","1.8189803563488"
"frc852","15.6703327086836","13.3526841990876","2.31764850959601"
"frc581","6.18078009058654","9.52208417391388","-3.34130408332734"
"frc751","11.3984835016395","20.104424601638","-8.70594109999842"
"frc480","15.4447257116763","18.5276348862376","-3.08290917456132"
"frc675","13.5278200375064","10.0359406629316","3.49187937457478"
"frc827","12.5649673129556","15.5099164604541","-2.94494914749848"
"frc840","14.5248722810994","10.6878188218824","3.83705345921702"
"frc258","20.3904295342513","19.9322161942979","0.458213339953403"
"frc831","13.7579973576689","15.8502872825169","-2.09228992484799"
"frc481","10.6701491437068","14.3990559087173","-3.72890676501053"
"frc192","11.1603705562446","8.09974542764824","3.0606251285964"
"frc692","6.57983839844558","15.5038699563584","-8.9240315579128"
"frc632","14.5537010478797","11.9379890308949","2.61571201698482"
"frc636","13.4773492053111","16.9748864590556","-3.4975372537445"
"frc814","11.4580126631383","11.5014438365658","-0.0434311734275177"
"frc645","15.708112075458","17.6003503323316","-1.89223825687363"
"frc253","13.6068634993494","9.6599375681965","3.94692593115294"
"frc668","14.8090632356178","17.4563032748453","-2.64724003922751"
"frc649","16.9967184777684","21.0852295856087","-4.0885111078403"
"frc971","19.5914196511882","17.4763245093003","2.1150951418879"
"frc846","16.5695991760437","10.6461082070911","5.92349096895259"
"frc766","12.888971112175","15.485959790681","-2.59698867850595"
"frc605","11.0834200008695","23.6375749637125","-12.5541549628431"
"frc841","18.2301950411546","20.7809623253585","-2.55076728420384"
"frc255","17.9919388702288","20.939733800812","-2.94779493058313"
"frc604","16.008331712857","14.4922253156428","1.51610639721419"
"frc972","10.8736055572101","15.9159651564539","-5.04235959924383"
"frc359","10.5024510330634","9.77700661553556","0.7254444175278"
"frc457","3.93779484055011","2.16520656161241","1.7725882789377"
"frc456","11.8995118750214","15.9324026563442","-4.03289078132284"
"frc607","19.9550649287307","15.1502262094521","4.80483871927867"
"frc922","12.3753960240999","15.9163269933948","-3.54093096929496"
"frc624","13.6042545575148","16.0797964054663","-2.47554184795151"
"frc704","10.4305041285434","16.7241185666595","-6.2936144381161"
"frc635","14.6333213542783","4.77831416938256","9.85500718489579"
"frc437","9.5517872465414","10.5717441328979","-1.01995688635646"
"frc446","9.99812880237607","10.146584292472","-0.148455490095939"
"frc899","16.5594490242187","11.1513726793919","5.40807634482685"
"frc908","12.464488549421","23.1693214177947","-10.7048328683738"
"frc653","9.7927364712323","14.4724597924794","-4.6797233212471"
"frc659","9.10830700475138","15.7193729518636","-6.61106594711221"
"frc660","12.6270259118179","14.0857801164274","-1.45875420460949"
"frc750","14.2849899786868","13.5663193535684","0.71867062511838"
"frc148","6.14095236988918","19.0452866670047","-12.9043342971156"
"frc215","16.6468534743804","14.6951742344597","1.95167923992068"
"frc644","13.3144644928412","14.8122334467794","-1.49776895393824"
"frc231","12.7725838037066","17.3837675405433","-4.61118373683671"
"frc647","18.7777953215285","20.7347493103568","-1.95695398882832"
"frc364","15.1766362418275","14.2056056593847","0.97103058244284"
"frc418","12.0827223415448","11.2604907363461","0.822231605198661"
"frc434","15.577804155023","18.4006395998326","-2.82283544480961"
"frc438","17.2773661887226","20.1557512424981","-2.87838505377549"
"frc441","12.7588305035118","11.8799325811848","0.878897922327011"
"frc442","17.3824888085999","12.8692201210438","4.51326868755609"
"frc499","15.4057883132191","21.4442630801522","-6.03847476693309"
"frc513","13.157927803944","19.1571259072303","-5.99919810328628"
"frc590","17.5946488971697","6.64934087414288","10.9453080230268"
"frc623","13.7482016464485","7.19867522879433","6.54952641765415"
"frc686","12.6547266410472","18.5138288469689","-5.85910220592176"
"frc926","9.55716856369166","11.2686998053852","-1.71153124169356"
"frc602","9.60277520366107","10.6629133074223","-1.06013810376123"
"frc927","9.90816628492182","20.294400765648","-10.3862344807262"
"frc615","10.3270996624682","11.1745691057588","-0.847469443290578"
"frc977","16.0140112408134","17.334886214474","-1.32087497366066"
"frc405","11.3895668128316","16.9029792379175","-5.51341242508585"
"frc928","15.5541277008524","7.72947832145375","7.82464937939868"
"frc616","5.27282436838104","12.4750918070035","-7.20226743862243"
"frc346","16.2802512183449","19.7876695347658","-3.5074183164209"
"frc401","13.8725261021446","19.6912104186768","-5.8186843165322"
"frc587","19.4276967636188","15.2971982092278","4.13049855439093"
"frc435","21.3452852474375","22.9781631001474","-1.63287785270989"
"frc845","12.5999856912828","8.86555558780875","3.73443010347409"
"frc449","17.2363764580209","8.51303120095577","8.72334525706509"
"frc900","16.8206522829091","12.9064834530411","3.91416882986798"
"frc617","13.4701229656374","12.7964002190894","0.67372274654808"
"frc768","12.5749022224265","10.0977030919156","2.47719913051086"
"frc619","15.1897838609447","20.049515252483","-4.85973139153826"
"frc837","16.0537465913149","16.4816248553611","-0.427878264046182"
"frc620","11.064958945328","13.2072012154225","-2.14224227009447"
"frc825","15.9395109488427","5.83634988677459","10.1031610620681"
"frc622","13.2575200837631","17.5653270647209","-4.30780698095777"
"frc975","16.8787280114574","10.2203042164548","6.65842379500255"
"frc614","15.3554067217955","9.5667063502654","5.78870037153012"
"frc836","13.4833289345135","14.4166783461623","-0.9333494116488"
"frc905","11.1041624835279","7.31174033607398","3.79242214745391"
"frc611","9.1834483890905","12.1286201620545","-2.94517177296396"
"frc497","17.8409926297755","16.0787221093403","1.76227052043523"
"frc510","15.6883019416587","9.28943777198873","6.39886416966992"
"frc337","8.20871709335526","8.68926438355696","-0.480547290201697"
"frc404","12.0862621185767","17.8580309441198","-5.77176882554317"
"frc53","14.954410054356","8.98387330730638","5.97053674704963"
"frc539","6.70816466627718","21.8463567582013","-15.1381920919241"
"frc345","15.0101156873164","22.7193611661743","-7.70924547885797"
"frc414","7.96638863661417","19.5115405365811","-11.5451518999669"
"frc416","12.1526486172537","16.6450813888023","-4.49243277154851"
"frc638","16.9420473669593","21.1388624300045","-4.1968150630452"
"frc116","9.58760795091358","16.8821561006257","-7.29454814971212"
"frc769","15.8361312372115","16.7444154587904","-0.908284221578908"
"frc976","15.5408775836564","17.3940710830275","-1.85319349937111"
"frc925","6.85588381833882","15.5445185627247","-8.68863474438592"
"frc600","15.8601875967726","20.2308575588427","-4.37066996207011"
"frc422","13.943108969612","12.6526795465359","1.29042942307608"
"frc833","14.3173911713533","6.18655277145057","8.1308383999027"
"frc628","6.18826705828431","12.6523817162975","-6.46411465801322"
"frc961","11.835150946616","10.3696716724089","1.46547927420703"
"frc948","15.2200438120787","17.7999188801264","-2.57987506804773"
"frc633","10.077979854992","11.7569396169773","-1.67895976198535"
"frc950","13.1921479297263","3.50568081943731","9.68646711028895"
"frc997","14.866186200663","17.7917475641324","-2.92556136346934"
"frc957","9.09976681083764","17.1897020957075","-8.08993528486988"
"frc443","17.4623026044695","13.7602713367395","3.70203126772999"
"frc998","22.0478383042909","6.90685317780105","15.1409851264899"
"frc800","12.4176058757688","10.9835789990211","1.4340268767477"
"frc949","12.6037512446624","11.4003001717081","1.20345107295425"
"frc953","15.64067196615","8.49248172648083","7.1481902396692"
"frc488","8.04464394269874","10.0127004233854","-1.96805648068669"
"frc847","15.1395781548778","12.1052777294512","3.0343004254266"
"frc824","14.2814565515757","10.4628056632777","3.81865088829805"
"frc805","13.4119140605349","12.9171889743324","0.494725086202504"
"frc583","10.6473858663024","16.8082133158518","-6.16082744954941"
"frc473","15.1445385875214","18.6393456767505","-3.49480708922909"
"frc959","14.9826666807544","14.288490297757","0.694176382997407"
"frc956","11.8999819989002","10.6466646296383","1.25331736926185"
"frc360","16.4494682862904","22.4780725060926","-6.02860421980215"
"frc960","8.34831773515855","18.2775954058365","-9.92927767067798"
