"Team","OPR","DPR","CCWM"
"frc6560","71.3686672502797","40.3890678475743","30.9795994027054"
"frc115","64.3454342178482","23.3684505522883","40.9769836655599"
"frc114","26.5588376841173","53.3165337672294","-26.7576960831121"
"frc359","33.5403904463094","34.0832762727636","-0.542885826454189"
"frc1388","36.6316288932041","42.9872720405806","-6.35564314737656"
"frc3309","29.4245852732304","51.1016237397521","-21.6770384665217"
"frc299","42.1321290439534","45.9012464320925","-3.76911738813909"
"frc867","44.2631266468589","27.3762274807284","16.8868991661305"
"frc1159","37.756301960393","48.952159372487","-11.195857412094"
"frc589","41.8331426808433","24.4118558963485","17.4212867844947"
"frc2465","28.2423851466904","31.3979713417256","-3.15558619503523"
"frc1138","42.4426384578603","35.9000423982797","6.54259605958059"
"frc2584","53.9563186717334","32.6810786923368","21.2752399793966"
"frc2429","41.9645172986687","47.3669697227899","-5.40245242412126"
"frc5818","36.3959960042851","44.6105268397757","-8.21453083549058"
"frc1661","-3.00267325091574","34.8612225174188","-37.8638957683345"
"frc7415","23.5832392732811","41.2995007431097","-17.7162614698286"
"frc6934","31.421364942807","43.1690947308042","-11.7477297879971"
"frc3501","16.1368906946421","29.0886346268303","-12.9517439321882"
"frc3257","26.4378143812064","17.8160914313565","8.62172294984989"
"frc580","7.59463291932728","16.4381593843616","-8.84352646503432"
"frc4","38.7265663527671","29.4445913847425","9.28197496802456"
"frc5089","23.029513565806","28.83608782852","-5.80657426271395"
"frc4414","72.6488952339226","13.2202363563292","59.4286588775934"
"frc696","28.4298545232227","46.6116641068574","-18.1818095836346"
"frc5869","14.3932724921152","54.8356763186096","-40.4424038264944"
"frc5285","4.26530005562257","35.2118835778163","-30.9465835221938"
"frc207","20.9317729695598","52.9245918072132","-31.9928188376534"
"frc973","113.505508404267","41.8740331956497","71.6314752086172"
"frc1678","84.4459589684484","41.0611706816422","43.3847882868062"
"frc3328","16.6606056371764","34.8908318448142","-18.2302262076378"
"frc5012","-0.360928519265429","24.095185319039","-24.4561138383045"
"frc6814","46.2096144935723","53.3544202784895","-7.1448057849172"
"frc691","13.2506520721536","44.6160894191226","-31.365437346969"
"frc7137","10.9562148661813","44.8340131255275","-33.8777982593462"
"frc8060","10.1774532999754","40.2520975476414","-30.074644247666"
"frc2102","62.4887980461616","49.8202505226882","12.6685475234734"
"frc3863","14.5758810938603","58.0602919823926","-43.4844108885324"
"frc4711","5.84452831107238","16.3838969352113","-10.539368624139"
"frc4481","63.3181476650247","46.6498788012318","16.6682688637928"
"frc2659","63.4489802104275","29.0300274864675","34.41895272396"
"frc8129","2.43018954725108","26.1249903127928","-23.6948007655417"
"frc1153","45.1688549091548","27.2095438386828","17.959311070472"
"frc6328","58.0127665367317","28.8274653060151","29.1853012307167"
"frc3555","29.1006709436282","42.0594503932933","-12.9587794496651"
"frc190","30.7493202038252","44.8322572953542","-14.082937091529"
"frc2590","39.2976432771324","26.8442299128869","12.4534133642455"
"frc5112","39.5247030936766","40.368901876197","-0.844198782520408"
"frc1740","49.4765708776487","25.1222014278923","24.3543694497564"
"frc166","48.9023362998582","28.3094918367503","20.5928444631078"
"frc2262","37.8649413795758","42.587505733609","-4.72256435403326"
"frc5347","19.5474500562892","35.9545687140281","-16.4071186577389"
"frc157","22.6413089782988","25.8144619532468","-3.17315297494801"
"frc2877","36.177871943576","26.1764639659368","10.0014079776392"
"frc2067","48.2476949908685","27.4140483493506","20.8336466415179"
"frc1991","34.9345857184161","33.0485254689378","1.88606024947826"
"frc2064","20.907013537278","35.3000471735455","-14.3930336362675"
"frc3623","5.9151856878836","18.6713252591821","-12.7561395712985"
"frc181","32.7367343371189","26.2032697079618","6.53346462915711"
"frc6723","49.5418480717865","15.0398134762545","34.502034595532"
"frc7760","12.6698691518938","30.9152960309493","-18.2454268790556"
"frc3182","16.0102809743868","39.8812019762708","-23.8709210018841"
"frc7153","12.8609026639121","27.6414870567937","-14.7805843928816"
"frc78","43.0240809629469","36.4657732451147","6.55830771783222"
"frc316","44.5830139957555","31.1778549152124","13.4051590805431"
"frc1350","10.5807416606861","35.1898386722591","-24.609097011573"
"frc5746","31.3422112283223","46.6714783760708","-15.3292671477484"
"frc4987","33.6848973546874","28.6085666797429","5.07633067494443"
"frc61","43.9648916959466","30.6217046913024","13.3431870046442"
"frc1027","12.03019237113","24.6308336303241","-12.6006412591941"
"frc1100","14.7950963211765","34.5873173881467","-19.7922210669702"
"frc2370","47.8587899844807","34.6519481142366","13.2068418702442"
"frc8013","16.8598818618934","22.661369119442","-5.80148725754854"
"frc5491","24.0243429530412","39.764271322412","-15.7399283693708"
"frc348","14.8885509272749","23.7646139725401","-8.87606304526527"
"frc2170","50.8097098192078","34.6825898940963","16.1271199251115"
"frc173","15.4708159273822","21.9962523090146","-6.52543638163242"
"frc6811","-3.05543425463854","47.5424823595955","-50.597916614234"
"frc1735","27.5051688943615","17.4793387499034","10.0258301444581"
"frc3719","7.5528429150273","30.2583907706654","-22.7055478556381"
"frc1746","51.6687606057182","33.9373989783322","17.731361627386"
"frc4189","41.4413488327392","23.7701823078153","17.671166524924"
"frc5651","27.2545459412127","28.1602854456146","-0.905739504401911"
"frc3196","26.1180794633284","19.92004560096","6.19803386236844"
"frc6139","18.3848300365258","21.7297853166403","-3.34495528011455"
"frc1648","15.5401046444028","25.3736947496781","-9.83359010527527"
"frc1225","35.6941847046669","29.554429756801","6.13975494786583"
"frc4509","24.6008344177478","31.4116906289274","-6.81085621117959"
"frc1414","15.120758846418","9.25964994298421","5.86110890343378"
"frc5132","18.0351009355571","22.1540474285561","-4.11894649299899"
"frc3344","35.4262573530522","18.7430675955902","16.6831897574619"
"frc1683","23.3562313472346","35.870306152185","-12.5140748049505"
"frc5727","24.3896195958251","36.823439735321","-12.4338201394959"
"frc4701","24.1311456373298","8.68809346507225","15.4430521722575"
"frc832","16.2291936732744","33.1637418286005","-16.9345481553261"
"frc5293","9.35076188326518","12.2713850479178","-2.92062316465262"
"frc5109","20.1572048955173","39.6223949729137","-19.4651900773964"
"frc6910","12.0903625784093","17.0224293035539","-4.93206672514451"
"frc5608","0.361653662814237","15.3367979749617","-14.9751443121475"
"frc6887","7.76117977957561","2.65885532629413","5.10232445328148"
"frc7427","4.70331118769471","23.7698214705903","-19.0665102828956"
"frc7104","40.4080231612066","22.2214253117465","18.1865978494601"
"frc1795","-3.63047990844155","16.7195165031957","-20.3499964116373"
"frc8083","47.6304353670911","38.742795230083","8.88764013700815"
"frc1261","51.3564024657376","21.5059169767306","29.850485489007"
"frc3494","36.3098567389299","27.7668662742455","8.54299046468439"
"frc4468","-3.92163981583772","19.2801095109377","-23.2017493267754"
"frc6829","10.3449300473356","43.3374734646668","-32.9925434173312"
"frc4188","62.3396889285628","22.6100104232877","39.7296785052751"
"frc4749","9.60196303142917","22.3958453316973","-12.7938823002681"
"frc7060","-3.80358498932632","20.1804746719917","-23.984059661318"
"frc6932","0.0294726120362514","25.0147099456132","-24.985237333577"
"frc6919","56.1259411579237","21.6019361605862","34.5240049973375"
"frc7538","6.41320186969232","17.8593601659265","-11.4461582962342"
"frc1574","28.4082560226252","43.0230175447111","-14.6147615220858"
"frc1577","53.8262766717831","20.3594372391251","33.4668394326579"
"frc7112","23.1607397028354","26.531633279794","-3.37089357695861"
"frc5038","18.3792717787581","34.9263179815943","-16.5470462028362"
"frc7177","34.2679334225906","29.6062607408001","4.66167268179047"
"frc1937","19.88193961381","34.2137911838796","-14.3318515700696"
"frc8223","23.5063159264898","31.0096438883655","-7.50332796187568"
"frc2230","26.8903538902685","8.92057286683458","17.9697810234339"
"frc6736","27.391520820715","32.4868595070822","-5.09533868636729"
"frc5715","31.9041357316656","41.60869244952","-9.70455671785437"
"frc2212","26.1880115306073","18.8936654747148","7.29434605589247"
"frc3034","20.0515833402297","41.551955638094","-21.5003722978643"
"frc4590","28.7259274745669","31.5913761447962","-2.86544867022936"
"frc3083","27.1793196329811","24.2045557812631","2.97476385171797"
"frc1943","22.0592878035508","29.466111715333","-7.40682391178221"
"frc8333","3.87105331982899","33.6858789185838","-29.8148255987548"
"frc1580","17.4858356715242","13.5736619888982","3.91217368262602"
"frc2096","67.8692537516355","30.4504330689752","37.4188206826603"
"frc6740","2.37451250045079","35.5490895217683","-33.1745770213175"
"frc5747","15.1530869674031","1.80916921693701","13.3439177504661"
"frc6738","8.9159427003723","38.7459023012916","-29.8299596009193"
"frc7845","21.3741925072047","21.6901540030164","-0.315961495811734"
"frc4586","34.0686503961896","34.4912026806723","-0.422552284482734"
"frc4319","7.7283420610286","26.0914197180096","-18.363077656981"
"frc7079","21.2591481843679","19.0490488102704","2.21009937409744"
"frc7554","7.31373534458183","6.58477983985578","0.728955504726051"
"frc5990","53.3945440829026","23.4665873006242","29.9279567822785"
"frc6230","24.1686773194575","19.8230628017967","4.34561451766086"
"frc5135","12.0496365037471","21.5123365216951","-9.462700017948"
"frc5554","45.5763666435894","28.2379422695261","17.3384243740633"
"frc4661","30.0866014336817","38.3638519904451","-8.27725055676341"
"frc3211","35.9164508709387","25.8188419272907","10.097608943648"
"frc3388","36.1927898132947","30.6628959485817","5.52989386471305"
"frc8175","48.2436532979832","37.4714193791244","10.7722339188588"
"frc4338","44.3934953635273","37.1078675323728","7.28562783115451"
"frc3065","38.0264102229211","40.3409402067372","-2.31452998381606"
"frc4744","21.5790382875153","50.2083591757733","-28.6293208882579"
"frc5614","36.5358790854752","50.297399333632","-13.7615202481568"
"frc7039","57.7636580388301","49.3773852197936","8.38627281903656"
"frc6104","42.6744600388779","49.5489588504312","-6.87449881155334"
"frc5951","34.8780774441581","31.8562142015255","3.02186324263263"
"frc5635","44.6317898312817","36.1919694113952","8.43982041988646"
"frc2679","3.44854008449994","37.2036633670404","-33.7551232825405"
"frc1954","14.0241980804475","49.1940894129548","-35.1698913325073"
"frc3835","2.17877018726913","22.5457519887089","-20.3669818014398"
"frc2630","41.8021829906912","28.6889601677328","13.1132228229584"
"frc4320","-1.67430695693286","24.0209091397193","-25.6952160966521"
"frc1690","101.708335045028","25.1452196201174","76.5631154249108"
"frc7067","51.8020912274554","23.4974792104691","28.3046120169864"
"frc6168","23.8966901550476","45.9240285052927","-22.0273383502452"
"frc3075","46.8005413109936","63.4129297010326","-16.612388390039"
"frc3339","76.8645833504274","34.1547108391241","42.7098725113033"
"frc3316","8.93129490028031","20.8713878877247","-11.9400929874443"
"frc8340","4.86015113973807","42.0570684760761","-37.196917336338"
"frc6049","29.9637320315141","28.7231561977037","1.24057583381039"
"frc1657","33.043273886804","24.9201266070565","8.12314727974752"
"frc5654","14.6904026423381","27.5492521234211","-12.8588494810829"
"frc4416","13.9795613224442","44.4644863931676","-30.4849250707235"
"frc5987","41.7912609065621","19.6519311916068","22.1393297149553"
"frc2231","38.0772317490608","33.8370964402773","4.24013530878347"
"frc3535","40.6105193266557","39.2669409889409","1.34357833771485"
"frc5084","54.4816513652396","39.8938012439765","14.5878501212631"
"frc5238","39.234488422596","32.7362658743656","6.49822254823042"
"frc245","20.8663047675377","41.3121828583651","-20.4458780908274"
"frc2145","35.2534758136547","38.8984177935036","-3.64494197984893"
"frc6081","33.6002643662274","29.9373301516027","3.66293421462478"
"frc5561","39.7889414583104","19.3706378463438","20.4183036119666"
"frc5260","49.8411679583601","29.9325554359966","19.9086125223635"
"frc7784","8.89016877729116","58.114031632242","-49.2238628549508"
"frc5697","36.4550049299357","29.353937494733","7.10106743520272"
"frc3542","40.8028137652463","27.1403654284322","13.6624483368141"
"frc494","25.6275634018982","36.4052900205884","-10.7777266186902"
"frc7491","33.2205440421232","24.9035667994889","8.31697724263436"
"frc5641","21.7999872737709","22.7715600117209","-0.971572737949987"
"frc5612","28.9830030914939","28.886613171602","0.0963899198919016"
"frc6548","22.7031988843284","10.2484432703654","12.454755613963"
"frc7894","3.91700938272916","34.4576055848283","-30.5405962020991"
"frc2337","75.0975533381923","21.8517814684038","53.2457718697886"
"frc6091","20.6566712881394","24.9658919039295","-4.30922061579003"
"frc8368","22.3981853091913","38.3467707163562","-15.948585407165"
"frc1322","2.30253986486265","35.9407067451094","-33.6381668802468"
"frc5067","24.3834878671182","34.6934689206804","-10.3099810535622"
"frc5215","22.0263138419677","28.0340281516258","-6.00771430965813"
"frc5527","19.142833100962","24.5128839062855","-5.37005080532351"
"frc7056","43.2037317035866","28.3242540604299","14.8794776431567"
"frc6610","22.6145411557139","37.2198924417584","-14.6053512860445"
"frc27","61.7352234160503","42.4465164256046","19.2887069904457"
"frc4998","20.419554731456","15.0298717212638","5.38968301019224"
"frc3568","18.5223804910636","22.7150746392562","-4.19269414819258"
"frc3322","69.2611173633347","26.3528993901097","42.908217973225"
"frc8385","14.4968601195571","7.92728503158975","6.56957508796737"
"frc4994","43.5642023168527","43.4069360895514","0.157266227301299"
"frc5509","10.3845473003485","25.337868851465","-14.9533215511165"
"frc5150","9.12908361691555","27.2125708285627","-18.0834872116472"
"frc1506","45.9812359160895","40.9863493987268","4.99488651736268"
"frc5538","20.5481913559285","48.5576461988196","-28.009454842891"
"frc6102","14.0582217910818","8.833962041546","5.22425974953582"
"frc5713","7.99112408498637","29.6638355354464","-21.6727114504601"
"frc7166","9.08198061474303","22.9952942887638","-13.9133136740207"
"frc6093","18.038176619134","25.5879153236184","-7.54973870448437"
"frc1718","60.5061070672549","27.5329773995656","32.9731296676893"
"frc5436","61.7794693230551","29.7766327968656","32.0028365261895"
"frc8380","21.9654562315513","40.4859883644189","-18.5205321328676"
"frc302","23.3391473758964","38.3253423926278","-14.9861950167315"
"frc4827","35.8753181789335","54.0000265996371","-18.1247084207036"
"frc4680","35.4662736211774","26.6412076971659","8.82506592401148"
"frc6077","37.462534716502","27.6329284554584","9.82960626104357"
"frc3875","44.6869594122718","31.4386319653757","13.248327446896"
"frc7197","25.0899845113587","47.4909304119672","-22.4009459006085"
"frc217","18.5008027991573","34.0471999694783","-15.546397170321"
"frc4961","43.7896448694919","28.100756251022","15.68888861847"
"frc5843","29.7381064641714","33.0019472372821","-3.26384077311077"
"frc772","37.6650540113846","41.2133972870351","-3.54834327565046"
"frc2834","47.7915266507455","26.5788279068498","21.2126987438956"
"frc135","26.736420393193","37.2335343309197","-10.4971139377266"
"frc6567","15.444241424391","28.2630372123449","-12.8187957879539"
"frc7788","-5.94981206584293","37.2295991892807","-43.1794112551237"
"frc7789","13.2982864419982","34.9846816140855","-21.6863951720873"
"frc6190","18.4486744908263","27.5145767452957","-9.06590225446941"
"frc910","26.050751473082","35.4404668890294","-9.38971541594736"
"frc8398","8.98740012129652","58.8592459705084","-49.8718458492118"
"frc5555","13.5891678167167","19.4650789342618","-5.87591111754507"
"frc5502","37.9402248599573","31.5733049121563","6.366919947801"
"frc7762","31.7382829047045","38.00080709291","-6.26252418820551"
"frc5424","47.2160729664301","38.0479590393218","9.16811392710831"
"frc5114","64.2729619882079","24.9694541429359","39.303507845272"
"frc7188","17.9121016203454","16.1582234432763","1.75387817706909"
"frc5860","19.15738836044","13.3733726670875","5.78401569335253"
"frc1188","55.6339322046155","10.9731358131848","44.6607963914307"
"frc3539","53.6964653786504","32.8133273198514","20.883138058799"
"frc3641","64.2561599618357","47.7795603416325","16.4765996202033"
"frc6033","25.2744579431794","10.5515711886017","14.7228867545777"
"frc7226","23.5856707551758","51.7112521372654","-28.1255813820896"
"frc3302","2.52374911985061","29.8661713985849","-27.3424222787343"
"frc5066","30.7993294874556","24.1514621126211","6.64786737483455"
"frc7196","15.7216397463797","38.1494660187341","-22.4278262723544"
"frc6616","12.9716522702577","15.586551650497","-2.61489938023929"
"frc3175","20.9914697378797","34.7801473633841","-13.7886776255045"
"frc548","67.0176137401926","31.4332426783246","35.584371061868"
"frc1481","47.823993188896","26.1019970391247","21.7219961497712"
"frc2591","14.39050241095","28.4559263995502","-14.0654239886002"
"frc5498","14.2839973825111","35.1834713963317","-20.8994740138206"
"frc4758","21.789343007288","41.0975750386525","-19.3082320313645"
"frc94","16.9693633367912","22.35726248713","-5.3878991503387"
"frc240","36.001805291509","21.2141632614947","14.7876420300143"
"frc6013","26.5985648704628","13.4584902596424","13.1400746108205"
"frc3096","25.6339036856331","24.7997597129013","0.834143972731745"
"frc5090","13.9302996913823","22.6358396966994","-8.70554000531707"
"frc5577","14.1805056464217","9.0971026310802","5.08340301534146"
"frc8179","23.4395974598161","36.6923729730234","-13.2527755132073"
"frc6120","29.1112095585835","26.5174240768144","2.59378548176917"
"frc835","10.4015946230495","5.29701972341364","5.10457489963586"
"frc5214","14.8084425877486","41.2981109155414","-26.4896683277928"
"frc3538","70.8026789476602","29.0084987082827","41.7941802393775"
"frc5756","12.9175493575873","18.9965225031561","-6.07897314556884"
"frc4840","12.7360060125833","28.9917538765962","-16.2557478640129"
"frc5197","-0.547650266537509","26.4807010666945","-27.028351333232"
"frc7232","19.634750051333","33.3146170256186","-13.6798669742856"
"frc7145","3.1594407897001","26.9873361942058","-23.8278954045057"
"frc5531","16.7401029107971","33.1936983592985","-16.4535954485014"
"frc7191","23.2934638596644","7.701121777252","15.5923420824124"
"frc5532","16.0060135990269","16.7272350459558","-0.721221446928869"
"frc8280","11.640829421811","28.9096414651529","-17.2688120433419"
"frc33","54.3547731764127","29.514455825389","24.8403173510237"
"frc6742","38.6387143347879","14.5857606002834","24.0529537345045"
"frc573","38.052035292983","29.0503007073596","9.00173458562335"
"frc247","15.0637413377917","31.8227643978146","-16.759023060023"
"frc4768","20.350296981796","25.9911905661703","-5.64089358437423"
"frc7856","12.5802870707754","27.1974437660544","-14.617156695279"
"frc7716","-3.80148374230328","20.0208749665143","-23.8223587088176"
"frc4130","80.2250788511562","27.5799724976934","52.6451063534628"
"frc4854","15.1126521745507","15.4592580216171","-0.346605847066447"
"frc7865","8.2445208224691","49.2201174552852","-40.9755966328161"
"frc7692","18.014197664412","11.8596737257439","6.15452393866812"
"frc5695","23.2722607437704","33.3960244059457","-10.1237636621753"
"frc3414","37.4300927571015","52.3816707708434","-14.9515780137418"
"frc7160","49.0028707478783","27.0600910564844","21.942779691394"
"frc6087","56.9019668789594","29.2436444235483","27.658322455411"
"frc5504","18.5817948184502","17.0965911484501","1.48520367000009"
"frc3767","34.0476298732812","43.2623387916182","-9.214708918337"
"frc4983","21.8741670379493","30.0445987345385","-8.17043169658923"
"frc1596","32.7254803195377","44.8567189855963","-12.1312386660586"
"frc7244","44.8914704663979","51.7559084833138","-6.86443801691588"
"frc6121","37.1221279151313","24.0191723044816","13.1029556106497"
"frc5560","38.9992367244303","30.383318439282","8.61591828514826"
"frc8400","24.071616208854","21.1156309982911","2.95598521056297"
"frc7208","16.0785717879476","13.4123833305651","2.66618845738251"
"frc7602","26.5327785996886","35.104653065735","-8.57187446604635"
"frc6097","43.3900727929932","27.6685382564572","15.7215345365361"
"frc1711","40.5303180161652","15.6935690280109","24.8367489881543"
"frc3618","26.4096743924562","31.2770168480762","-4.86734245562001"
"frc5562","1.63329902771787","61.2830067950978","-59.64970776738"
"frc5525","1.21605776299936","25.3064606268498","-24.0904028638505"
"frc3357","57.0681308774767","13.0834321819696","43.9846986955071"
"frc6122","23.8228695615016","40.9917580598522","-17.1688884983506"
"frc4376","14.1323220737797","27.5871418035366","-13.4548197297568"
"frc4377","45.4314493885817","24.8575028398787","20.573946548703"
"frc6599","17.3498335362896","35.9227075865437","-18.5728740502541"
"frc3688","52.8074421080568","35.5525635105127","17.2548785975441"
"frc5247","24.4095555370426","44.4966299088959","-20.0870743718533"
"frc7155","13.4299636521773","48.4968333473355","-35.0668696951581"
"frc6561","14.32588056093","13.3464500850762","0.979430475853844"
"frc5086","52.7443397676423","40.0946406240388","12.6496991436034"
"frc7808","13.1414517439289","20.5674338456748","-7.42598210174593"
"frc5183","4.44149966493535","29.2695118649262","-24.8280121999909"
"frc5110","19.8067453133433","22.7914211745432","-2.98467586119989"
"frc7790","10.9357751735051","34.548315093259","-23.6125399197539"
"frc7855","4.03181903966662","36.275859108401","-32.2440400687344"
"frc6074","14.4001111748723","26.2976959776","-11.8975848027276"
"frc8328","7.21311201981949","26.9545581187686","-19.7414460989491"
"frc5314","1.5692598745486","9.17212753255615","-7.60286765800755"
"frc1918","76.5090364665538","20.3860945496429","56.1229419169109"
"frc3572","54.0532167329846","28.0400721374949","26.0131445954897"
"frc4398","20.6883550420813","34.8157830905594","-14.1274280484782"
"frc8041","27.6423697773443","22.4043595325446","5.23801024479969"
"frc4499","47.6505104853019","34.7136371396319","12.93687334567"
"frc3928","69.7720393084308","46.8776808919143","22.8943584165165"
"frc1982","30.4809356529673","40.9677287120648","-10.4867930590974"
"frc7064","25.6062358583296","44.9417848367072","-19.3355489783776"
"frc6843","24.2156651077641","43.7583947872213","-19.5427296794572"
"frc6886","40.5582365425929","45.4079958589863","-4.84975931639342"
"frc1710","48.8427640193095","46.7132044677709","2.12955955153863"
"frc1769","45.9004709780438","29.8663779066807","16.034093071363"
"frc4959","17.9697954629285","15.9822806412267","1.9875148217018"
"frc1108","26.5885366568831","40.2035473716757","-13.6150107147926"
"frc2723","36.3565821861865","22.242274664788","14.1143075213985"
"frc1810","17.9224550459994","49.0474977722343","-31.1250427262349"
"frc5119","40.9547139646576","39.3132756471082","1.64143831754937"
"frc2353","21.5199075948458","17.83324768133","3.68665991351581"
"frc1939","34.610547762876","42.4866700563673","-7.87612229349124"
"frc4522","83.3844295349317","50.5150062374095","32.8694232975222"
"frc1847","8.15457347963701","22.8581838786073","-14.7036103989703"
"frc2357","18.4637588971482","50.3580775671693","-31.8943186700212"
"frc5141","27.30343192886","41.6332514356667","-14.3298195068068"
"frc5918","19.6606485970621","26.1749834660263","-6.51433486896425"
"frc1994","14.158349639221","34.5175288645503","-20.3591792253293"
"frc1986","81.0479557338216","23.4157928036494","57.6321629301721"
"frc1806","20.0182206815937","31.4257827765197","-11.407562094926"
"frc3284","58.6471001378387","31.1564727326925","27.4906274051462"
"frc1775","10.3347468758008","20.9779906409971","-10.6432437651964"
"frc5801","49.8882404727818","31.9232970013342","17.9649434714476"
"frc525","53.5768349414845","40.0531358202878","13.5236991211967"
"frc1785","28.6728541944854","37.8439752998426","-9.17112110535721"
"frc2001","17.3990282677353","35.0910402183115","-17.6920119505763"
"frc1777","18.466571225247","31.7158339257953","-13.2492627005483"
"frc5268","12.6359914661671","55.2903577779562","-42.6543663117891"
"frc1987","52.2245615365163","27.6027005029337","24.6218610335826"
"frc1764","26.2915245356714","30.2233131950175","-3.93178865934613"
"frc2457","18.8407921527583","20.2494382927461","-1.40864613998784"
"frc6805","23.9775436273817","18.4180356471377","5.55950798024395"
"frc6420","19.9342401011238","34.6744603491564","-14.7402202480326"
"frc6348","45.1726732256369","31.7385640325357","13.4341091931012"
"frc4635","52.6206613010954","14.3791924369436","38.2414688641518"
"frc6702","24.5190166477171","27.5772191137083","-3.05820246599115"
"frc3510","27.7248630100247","28.6082916419284","-0.883428631903705"
"frc3472","34.6667056732215","24.3890535392769","10.2776521339446"
"frc3158","16.1654030683486","30.0444069770397","-13.8790039086912"
"frc6170","26.5578477834438","21.4268316481693","5.1310161352745"
"frc6017","23.2070626059282","4.04046135281146","19.1666012531167"
"frc6106","5.86721284316188","13.6835471176362","-7.81633427447431"
"frc4731","17.9520866974385","24.8732024807521","-6.92111578331357"
"frc4584","25.4275386972741","38.3305158115324","-12.9029771142583"
"frc5716","8.20410539583112","25.6641904336991","-17.460085037868"
"frc7421","26.7481249276787","42.1373267486193","-15.3892018209406"
"frc5696","20.2648272595936","14.4168235639641","5.84800369562956"
"frc7299","19.0396006816025","22.9638972339386","-3.9242965523361"
"frc6652","9.23115345061883","46.7752322730221","-37.5440788224033"
"frc2283","37.0752477518494","10.6099369076121","26.4653108442373"
"frc6605","8.45227265170405","21.2249673689452","-12.7726947172412"
"frc5344","11.5594989273317","19.774909824189","-8.21541089685725"
"frc4723","11.0799693486982","22.8816229223813","-11.8016535736831"
"frc3354","29.2212190589236","15.4971809336453","13.7240381252783"
"frc6156","7.2731155822357","30.2418586545686","-22.9687430723329"
"frc3522","34.3519904478199","24.2453394987109","10.1066509491089"
"frc4010","37.0411903877954","11.5140218630942","25.5271685247012"
"frc5133","23.2429043669875","24.7274527729769","-1.48454840598942"
"frc5887","26.5086031866498","31.4375913155002","-4.92898812885032"
"frc5948","15.4800628520211","21.5512561650579","-6.0711933130368"
"frc7546","21.8010483869705","29.5848602303347","-7.78381184336423"
"frc6832","15.5249906770453","15.3330272379725","0.191963439072779"
"frc3933","19.0447222272827","11.8513891323263","7.19333309495636"
"frc8293","12.9976016948176","17.6907441294775","-4.6931424346599"
"frc3794","25.2765147853139","18.8067077111621","6.46980707415177"
"frc7102","2.51639899031027","17.6718291206472","-15.155430130337"
"frc5959","4.07106477343844","14.6959256629799","-10.6248608895414"
"frc6010","0.882586064061397","10.5416096124652","-9.65902354840384"
"frc6676","-0.451038331612153","2.07000167224949","-2.52104000386164"
"frc7725","11.6890532134409","6.78137677501006","4.90767643843087"
"frc4775","11.7204428632097","12.9686843062871","-1.24824144307733"
"frc6666","9.81044526506301","17.9505159564141","-8.14007069135109"
"frc6965","21.7073037599905","15.5885876412211","6.11871611876945"
"frc7740","-9.75653632327405","8.04713778689315","-17.8036741101672"
"frc5874","15.8119290352642","27.0089926905947","-11.1970636553305"
"frc4782","25.9304855862788","32.7508495995998","-6.820364013321"
"frc3478","59.6431216476693","33.7911436561225","25.8519779915469"
"frc4561","36.4761752855134","7.92764266301801","28.5485326224954"
"frc6502","54.3712522732341","28.6729573902277","25.6982948830065"
"frc5607","12.3214651695837","36.2129271138653","-23.8914619442817"
"frc7890","26.7192754672839","34.9813559230107","-8.26208045572678"
"frc5518","10.3512626521168","16.3779988008998","-6.02673614878298"
"frc2059","17.1290941310883","37.7268776639373","-20.597783532849"
"frc4828","32.4689894079672","22.3922458529505","10.0767435550167"
"frc7671","28.2582095680107","18.9044864593233","9.35372310868743"
"frc5919","14.070709927419","32.2437808631173","-18.1730709356983"
"frc6496","30.9640583679465","23.8078595435222","7.15619882442429"
"frc435","37.2624430696283","29.4121997945901","7.85024327503823"
"frc6908","25.2620183927442","36.9049911199294","-11.6429727271851"
"frc3229","19.6910064851387","20.4513249030366","-0.760318417897899"
"frc4291","22.6186313515716","17.6117377267187","5.00689362485299"
"frc5762","6.92963816586331","41.2462225168717","-34.3165843510084"
"frc6565","9.31283304375064","11.3762782537801","-2.06344521002946"
"frc5511","51.3559532900343","13.5241311241225","37.8318221659118"
"frc7265","4.65261785996346","31.9506302903622","-27.2980124303987"
"frc6240","11.1502446026014","37.0975991669832","-25.9473545643817"
"frc3459","40.7329630470785","32.6098925865425","8.12307046053593"
"frc5190","30.9760127483891","16.9770092331627","13.9990035152264"
"frc5160","53.0737902391315","10.0061033365998","43.0676869025317"
"frc2642","24.7229892927224","25.2969458273266","-0.57395653460415"
"frc6500","22.942078010234","43.0930267123328","-20.1509487020988"
"frc8090","5.16903660505827","28.2582599714257","-23.0892233663674"
"frc7463","2.98452324336564","47.7936444733988","-44.8091212300332"
"frc4816","14.6354111346085","14.6170314945231","0.0183796400853851"
"frc7763","21.4156288060331","24.2417146760086","-2.82608586997545"
"frc6004","47.8145866449511","20.1384272624452","27.6761593825059"
"frc876","74.9438930306882","50.9739698697481","23.9699231609402"
"frc1619","91.7690175582439","34.7752821612838","56.9937353969601"
"frc4593","45.7166808772325","55.5580484519948","-9.84136757476227"
"frc8002","61.5871958171117","70.0830349398981","-8.49583912278639"
"frc3007","32.9865370715237","43.5703666573955","-10.5838295858719"
"frc5638","40.2117078571316","45.653981405336","-5.44227354820439"
"frc5653","43.1354865393306","46.5143878295823","-3.37890129025167"
"frc3750","73.6765809126337","50.0279812327672","23.6485996798665"
"frc7858","35.7880213514963","37.9455457897416","-2.15752443824531"
"frc7028","50.7314716802541","57.2828571037865","-6.55138542353231"
"frc4539","72.206203441016","37.8679333576784","34.3382700833376"
"frc3297","5.40217599199588","50.2075857200929","-44.8054097280971"
"frc3130","47.668906068242","40.5266110983076","7.14229496993438"
"frc2450","21.925644304546","40.2194372253672","-18.2937929208212"
"frc3206","52.9144404659173","44.1912044327048","8.72323603321255"
"frc3082","56.4833872919453","27.2569866408901","29.2264006510553"
"frc7048","2.76241781651937","54.7693735094595","-52.0069556929401"
"frc5998","10.4301498991254","35.2737581670098","-24.8436082678844"
"frc7578","14.9470128767818","14.4599568573943","0.487056019387499"
"frc5929","26.7823417010125","36.9975275730491","-10.2151858720366"
"frc6175","2.79858280307129","-2.33718120402705","5.13576400709834"
"frc2239","41.3698720938127","16.5583877195945","24.8114843742182"
"frc7532","-2.38920076881859","11.5433886240039","-13.9325893928225"
"frc4648","15.0582225587592","19.0695945320285","-4.01137197326936"
"frc3313","38.9076317088345","40.8096559547322","-1.90202424589769"
"frc3042","27.2963174873851","30.0586179502451","-2.76230046285996"
"frc4536","18.6767514433754","38.7962436498112","-20.1194922064359"
"frc3871","39.7532899591597","40.5820839395432","-0.828793980383487"
"frc5658","31.1160838318396","13.0838754066773","18.0322084251623"
"frc5913","50.5883570799504","55.8421533437715","-5.25379626382114"
"frc4607","60.4476681229983","49.111143805199","11.3365243177993"
"frc2847","49.2071774626773","93.4587477524722","-44.2515702897949"
"frc2977","4.4324985714466","27.9637468728815","-23.5312483014349"
"frc8298","5.7919874405534","38.9260351614202","-33.1340477208668"
"frc3277","23.1225876858109","20.5498848290796","2.57270285673127"
"frc8188","41.1122428920469","17.9111242395247","23.2011186525222"
"frc3300","43.0728445516527","21.7550033250337","21.317841226619"
"frc2883","46.0294516383866","28.3523537766044","17.6770978617822"
"frc3926","40.4688537871183","3.11918063460866","37.3496731525096"
"frc877","11.0303194142062","62.3143234220135","-51.2840040078074"
"frc3299","37.9011292452159","48.8923086855427","-10.9911794403268"
"frc7257","27.1896283141806","39.9522553109806","-12.7626269967999"
"frc5172","103.191263648301","32.0490470431115","71.1422166051893"
"frc1792","32.2436044915486","41.6136113577683","-9.37000686621975"
"frc3293","75.6402128546386","37.7031284051438","37.9370844494948"
"frc4198","38.5436404633341","61.826791117181","-23.2831506538469"
"frc8255","37.8050651980156","39.189880489626","-1.38481529161048"
"frc2227","23.0232068663974","26.8272099108644","-3.804003044467"
"frc4360","4.33263442911528","30.5821616033831","-26.2495271742678"
"frc2500","2.63305435325317","63.7923490248902","-61.159294671637"
"frc4663","37.219032899461","-2.59118753113999","39.810220430601"
"frc2472","15.0091897410677","21.8921112771071","-6.88292153603937"
"frc7677","19.1186237109621","20.0293154088402","-0.910691697878114"
"frc4506","41.0449675427292","32.3904087726693","8.65455877005983"
"frc2549","24.4622495149846","30.6448920911906","-6.18264257620599"
"frc2129","39.5103411119664","41.6917297203467","-2.18138860838027"
"frc4239","30.5511272222404","44.6929773833968","-14.1418501611563"
"frc2654","27.9472697008494","43.3375873853892","-15.3903176845398"
"frc6707","9.38816359539495","20.6004536663341","-11.2122900709392"
"frc3298","7.54538648404492","9.03607058378355","-1.49068409973862"
"frc501","52.989043750432","31.8666924429479","21.1223513074841"
"frc4909","49.2624244878519","26.0579460958496","23.2044783920023"
"frc7822","29.0185086303412","39.8029089782225","-10.7844003478813"
"frc6691","25.6230692332143","54.8969858702766","-29.2739166370623"
"frc8046","47.2772086273294","30.7693672596398","16.5078413676896"
"frc131","30.0038394577428","26.5652482597376","3.43859119800522"
"frc663","50.2012451646647","34.7317536365118","15.4694915281529"
"frc6933","36.0984114536546","27.8304022556768","8.26800919797775"
"frc1517","42.8429730831532","45.3485435597776","-2.5055704766244"
"frc319","56.8315302144421","56.6698149009333","0.161715313508878"
"frc3566","58.4387077216718","29.5974425897906","28.8412651318812"
"frc151","25.4952065419221","40.7424616015489","-15.2472550596269"
"frc3597","45.8156659090367","31.1241213224811","14.6915445865556"
"frc1058","15.1709252250807","23.8314880746852","-8.66056284960444"
"frc6161","23.6875491518466","29.6347344001684","-5.94718524832173"
"frc133","68.2157070291017","31.2664519995246","36.949255029577"
"frc1831","3.36479234026198","22.1650931167962","-18.8003007765343"
"frc4905","36.3669621954972","19.6746164858915","16.6923457096058"
"frc7416","0.895027866825839","22.1467599390386","-21.2517320722128"
"frc1307","8.16557248213114","23.7891395690657","-15.6235670869346"
"frc1519","55.1224885957238","23.7971793469468","31.325309248777"
"frc5633","11.1756080925278","34.8386895687864","-23.6630814762586"
"frc6690","28.1053463647005","28.5936657597307","-0.488319395030157"
"frc6153","26.9269274819951","50.9221835133558","-23.9952560313607"
"frc7913","27.7485112220531","24.5224047306451","3.22610649140795"
"frc7126","1.27663552693902","25.0820472793335","-23.8054117523945"
"frc467","3.71988427790373","17.3707599620548","-13.6508756841511"
"frc6763","20.62611395998","15.6309987991181","4.9951151608619"
"frc1512","17.2166858607004","21.7251661823066","-4.50848032160626"
"frc5265","16.7501923630896","33.061730416862","-16.3115380537724"
"frc5902","17.6961910415687","32.6251798768474","-14.9289888352788"
"frc95","61.2493985749397","32.8281462614842","28.4212523134556"
"frc5687","56.6836254998151","42.7269547187642","13.9566707810509"
"frc7133","9.50087150981457","17.5650866815015","-8.06421517168689"
"frc1729","9.36540030174006","21.2093130329695","-11.8439127312295"
"frc8421","16.6699506423029","51.3688983348705","-34.6989476925677"
"frc1247","25.162400328119","43.1134016160766","-17.9510012879576"
"frc4761","19.6645038617608","34.1537245291828","-14.489220667422"
"frc4929","27.4752931935044","32.3335639251691","-4.85827073166465"
"frc811","24.9229545413967","31.8692057504814","-6.94625120908468"
"frc1787","71.9909472177544","53.7658880298791","18.2250591878753"
"frc340","63.3726259547405","18.0940106327142","45.2786153220263"
"frc3266","50.3198201128402","50.7922191440708","-0.47239903123063"
"frc3814","63.4925429290935","71.9867761281754","-8.49423319908189"
"frc5492","56.7384265239262","32.000557934651","24.7378685892752"
"frc3324","35.4147403227753","50.6487610206283","-15.2340206978531"
"frc1559","57.3509500806174","48.9275052070342","8.42344487358321"
"frc117","52.0810247103652","40.9780095587203","11.1030151516449"
"frc4467","33.6361907727991","42.7933383728574","-9.15714760005832"
"frc2252","56.3591061042288","53.192188799969","3.16691730425983"
"frc128","55.0862177271545","49.4069373153637","5.67928041179078"
"frc4085","18.9696370596027","47.3243983288328","-28.3547612692301"
"frc1511","45.8652910605812","67.003549041168","-21.1382579805868"
"frc4611","52.5184911524847","15.3844499860159","37.1340411664687"
"frc3201","36.7064753869806","47.0669608044267","-10.3604854174461"
"frc6181","25.4453116595084","7.24056283440863","18.2047488250998"
"frc3504","45.9114460664955","30.4858053071511","15.4256407593444"
"frc144","32.4231363048522","46.4555389995955","-14.0324026947432"
"frc7515","11.501426215934","19.7882469008328","-8.28682068489885"
"frc4991","16.8214097833151","6.26699493815815","10.554414845157"
"frc7434","13.0556197576806","19.3203993567548","-6.26477959907422"
"frc7486","13.7743922506209","27.6018584686458","-13.8274662180249"
"frc2081","37.7678393883665","21.2161037210368","16.5517356673297"
"frc2603","37.1676623058857","29.0549179860541","8.11274431983157"
"frc1014","15.0384278303509","18.9061747213689","-3.86774689101793"
"frc4028","41.9202151893606","21.5347763889956","20.385438800365"
"frc4284","5.72214740092312","26.4900131666097","-20.7678657656866"
"frc3777","25.2308483218272","25.425177714685","-0.194329392857799"
"frc677","19.0772768250908","3.67319882307039","15.4040780020204"
"frc1038","17.2375511897473","40.2082199767679","-22.9706687870206"
"frc6936","13.9337408607947","40.1268120282568","-26.1930711674621"
"frc4145","22.7285013194008","48.1638855187186","-25.4353841993178"
"frc4027","44.782753197499","39.2272993855278","5.55545381197118"
"frc2783","56.4370923299501","48.7957753059387","7.64131702401144"
"frc1507","52.7717906213753","40.5981019415957","12.1736886797796"
"frc8027","28.3854253090078","51.6801574354052","-23.2947321263974"
"frc5667","31.9327951298688","39.5518263624448","-7.61903123257595"
"frc4930","14.4839609502592","53.164513821137","-38.6805528708778"
"frc4521","12.0523591047766","30.7726196768296","-18.7202605720529"
"frc1736","87.0938070869273","46.3690960912584","40.7247109956689"
"frc6834","29.8714290715117","29.2932464099264","0.578182661585394"
"frc279","25.1884222285219","47.8990911362819","-22.71066890776"
"frc6927","6.99647774899737","36.4584406915521","-29.4619629425547"
"frc379","38.6299029364709","50.5737218692585","-11.9438189327875"
"frc325","16.8390223306697","47.4414301556697","-30.602407825"
"frc3173","13.9077101484178","31.33477831033","-17.4270681619122"
"frc3138","18.180057450427","26.5942697501314","-8.41421229970445"
"frc4269","25.936197940118","27.3831397036038","-1.44694176348585"
"frc706","11.0397475326544","25.8348608527965","-14.7951133201421"
"frc4283","19.1211875277033","36.2691851050303","-17.147997577327"
"frc7460","31.2629627300202","61.639893781106","-30.3769310510858"
"frc695","27.9298511759416","19.3938663851949","8.53598479074664"
"frc3193","33.1644066206474","39.4124171634381","-6.24801054279074"
"frc1317","36.0376663257859","4.99049661076829","31.0471697150176"
"frc8289","22.6402330097044","30.6753348988985","-8.03510188919406"
"frc5413","76.5624846315314","36.6383724010168","39.9241122305146"
"frc6032","11.1097454464468","13.8081340739992","-2.69838862755248"
"frc554","38.7024604094795","22.0920738571044","16.6103865523752"
"frc5811","29.6366172363046","-2.21391375902482","31.8505309953294"
"frc329","29.9728697214439","32.8832062889776","-2.91033656753371"
"frc4976","54.759450357311","35.5774909937202","19.1819593635907"
"frc2609","53.6735373196762","14.2227399941201","39.4507973255561"
"frc7603","33.0084389438776","64.7829435336558","-31.7745045897782"
"frc907","26.880728686873","38.7042491367434","-11.8235204498705"
"frc8081","43.0829934853651","41.039827510532","2.04316597483317"
"frc3161","31.6267551141685","41.94474247896","-10.3179873647915"
"frc2994","44.4078646196136","37.533308126112","6.87455649350154"
"frc6867","20.2515504656468","28.555490036895","-8.30393957124821"
"frc7735","34.3274760446184","28.2471464778399","6.08032956677853"
"frc7480","28.0541496668893","39.4636180368492","-11.4094683699599"
"frc6135","38.8631513897396","34.1659151101459","4.69723627959366"
"frc6110","32.5582924375263","41.0301496718863","-8.47185723436001"
"frc5885","45.9241373878735","36.1289026847643","9.79523470310926"
"frc4907","45.659490751814","18.6336898480999","27.0258009037142"
"frc8072","27.7013584201037","29.4169991972283","-1.71564077712458"
"frc1374","5.80046960349996","37.3958823771626","-31.5954127736627"
"frc4946","54.9385852267736","18.1468184359094","36.7917667908641"
"frc4476","43.978689122106","34.4483110650185","9.5303780570875"
"frc6514","12.6144728579121","39.3451898626402","-26.7307170047282"
"frc4039","59.1382658931708","38.5416492841045","20.5966166090663"
"frc6140","8.29873371622531","50.6272765693613","-42.328542853136"
"frc6987","9.15199267947888","32.5520929865296","-23.4001003070507"
"frc6141","10.2934073818323","27.8105966508323","-17.517189269"
"frc7800","3.03984353939835","49.0041423742784","-45.9642988348801"
"frc3739","9.29032713876885","26.2025167230167","-16.9121895842478"
"frc6323","23.7924178661305","43.0269486628892","-19.2345307967587"
"frc610","67.9632278639648","33.2298078863186","34.7334199776462"
"frc2200","80.6265395601091","30.1996923884913","50.4268471716178"
"frc188","88.0291038374653","34.0424269355128","53.9866769019525"
"frc7721","7.63136481684761","20.6567266188693","-13.0253618020217"
"frc7614","-5.70227359930544","36.31221020331","-42.0144838026155"
"frc7902","18.3026723248619","36.3632657282311","-18.0605934033692"
"frc5036","19.8271532488463","16.8560561656501","2.97109708319624"
"frc6875","27.3186293267878","13.9306166020928","13.388012724695"
"frc8089","23.9537075857852","48.1750428071946","-24.2213352214094"
"frc7564","16.3149414749701","16.701071488144","-0.386130013173943"
"frc4488","60.6491106183157","26.0987506803743","34.5503599379415"
"frc3674","80.8757691674841","30.7534311504494","50.1223380170346"
"frc6465","28.4999441554269","50.4182926158206","-21.9183484603937"
"frc2811","28.7244113909834","27.3789724298307","1.34543896115271"
"frc5085","17.183202477994","28.6343362478127","-11.4511337698187"
"frc1510","30.1112849340652","36.8202499429984","-6.70896500893322"
"frc6831","39.7553311071127","35.4501783294206","4.30515277769211"
"frc5468","33.7925989932741","22.2630150840913","11.5295839091828"
"frc2411","14.7163519916988","20.8350896974681","-6.11873770576937"
"frc5803","7.39413992464053","28.9023857917519","-21.5082458671114"
"frc2521","36.5090397713091","31.1300725599223","5.37896721138679"
"frc2898","16.4986803830424","26.5076404202702","-10.0089600372278"
"frc7448","9.89266690732764","32.1346559012003","-22.2419889938726"
"frc5450","17.593550892891","28.5332921353574","-10.9397412424664"
"frc847","18.8773840877521","28.8602804128421","-9.98289632509004"
"frc2915","23.9475216693449","28.7891256778546","-4.84160400850962"
"frc3711","52.1365110889947","49.7789825120758","2.35752857691888"
"frc2550","3.69534729106421","24.4928521082994","-20.7975048172352"
"frc1432","18.6217722681996","44.2737235348222","-25.6519512666226"
"frc6343","-0.203373650568126","26.6904635408879","-26.893837191456"
"frc3636","41.902147615932","14.3367124409328","27.5654351749992"
"frc3812","19.3397434598471","36.0061698253103","-16.6664263654632"
"frc5295","13.5827277226931","37.5288646989659","-23.9461369762728"
"frc1540","86.004029179921","31.9492454954033","54.0547836845177"
"frc3223","13.9764879230697","29.65689992366","-15.6804120005903"
"frc1571","14.3865241147994","19.0828422751166","-4.69631816031714"
"frc3024","-6.42104324163136","42.2968979936146","-48.717941235246"
"frc6696","10.6973253474647","9.07031890247682","1.62700644498787"
"frc2471","77.7777232789105","29.470702184506","48.3070210944045"
"frc1425","73.3392419392133","31.1473821065701","42.1918598326432"
"frc5977","11.6686530134399","29.7844587495739","-18.115805736134"
"frc360","19.6530900905059","47.429621093841","-27.776531003335"
"frc6845","7.43589100973141","17.677830262246","-10.2419392525146"
"frc2990","60.7493820631462","30.4500858827565","30.2992961803897"
"frc753","19.9729244363533","26.365575822797","-6.3926513864437"
"frc4127","17.5382408746917","43.117605473416","-25.5793645987243"
"frc3314","49.5196683826958","45.5568857306736","3.96278265202218"
"frc2607","56.0617737551885","31.2940223893414","24.7677513658471"
"frc5113","38.3377707498829","44.0745035587485","-5.73673280886561"
"frc484","38.9701527833658","38.078802735549","0.891350047816751"
"frc4575","24.0662847261728","16.9416764887574","7.1246082374154"
"frc2539","32.9823630161829","38.880386359923","-5.89802334374009"
"frc1089","38.5722727902007","38.7373469286421","-0.165074138441348"
"frc2729","28.2260740969396","43.3318457982768","-15.1057717013372"
"frc2234","41.9646562823756","30.0803914888138","11.8842647935618"
"frc1403","47.6503894249866","54.2853514613641","-6.63496203637751"
"frc103","50.5421236918868","31.5108135353376","19.0313101565492"
"frc1811","24.3211604155394","22.8130624377796","1.50809797775979"
"frc708","22.5089509685785","46.0303055291167","-23.5213545605382"
"frc1168","37.3508266298547","17.7995546786987","19.551271951156"
"frc303","28.0383530804285","34.2094093750806","-6.17105629465211"
"frc5895","55.0484778371073","20.4227309329572","34.6257469041501"
"frc7414","13.246548526172","29.3456534863015","-16.0991049601295"
"frc1647","14.260558073243","33.8212754608985","-19.5607173876556"
"frc6808","18.6803992645312","45.4887237098464","-26.8083244453152"
"frc1218","52.7690216957182","26.8508789468656","25.9181427488526"
"frc816","-1.85624832398886","53.745123643922","-55.6013719679109"
"frc1807","75.0764010978115","34.2523488998832","40.8240521979284"
"frc365","69.3737269435632","27.4373542842252","41.936372659338"
"frc2495","19.8634039011384","56.4434949635017","-36.5800910623634"
"frc2559","5.021965884222","6.17095438080797","-1.14898849658598"
"frc341","11.3496796358673","48.9855933868158","-37.6359137509484"
"frc7877","23.7441267810572","25.370254971021","-1.62612818996375"
"frc423","24.1434165354035","31.27232906378","-7.12891252837651"
"frc7110","15.4784583440115","26.0249439933766","-10.5464856493651"
"frc3974","26.7696921844816","23.4454890728149","3.32420311166673"
"frc6226","50.4298143897493","36.6144256287918","13.8153887609576"
"frc1640","52.4302904343051","30.1709284698249","22.2593619644802"
"frc2095","8.23016115664901","40.5532736528646","-32.3231124962156"
"frc1712","27.6603377804698","26.4228441023164","1.23749367815341"
"frc2458","13.3094975262529","35.7634808587288","-22.4539833324759"
"frc709","29.7261843132533","28.4542719585789","1.27191235467438"
"frc108","32.0423606343125","60.2396761020947","-28.1973154677822"
"frc2614","75.6610370336651","35.0348532000023","40.6261838336628"
"frc342","35.2468865728371","39.6202648280317","-4.37337825519454"
"frc5410","33.0633561093568","49.8872256031542","-16.8238694937974"
"frc5130","19.3900385550897","38.0611159488667","-18.671077393777"
"frc3490","38.6984622274398","25.6522398648908","13.046222362549"
"frc1293","16.668965676579","9.53725448610999","7.13171119046902"
"frc1708","33.8502772345412","31.7063294196595","2.14394781488162"
"frc3492","36.125058848707","35.9479638966008","0.177094952106209"
"frc4050","58.1403006350715","43.2045337470498","14.9357668880217"
"frc4533","22.1436809095512","26.9981376959268","-4.85445678637558"
"frc744","45.3581432854891","52.7983789268553","-7.44023564136615"
"frc2815","25.342002223448","30.2198484346657","-4.87784621121773"
"frc343","55.1312271339655","51.9069288151649","3.22429831880055"
"frc6366","32.9022811713597","32.9355210858141","-0.0332399144543913"
"frc2183","39.5282622910519","31.6893864858289","7.83887580522299"
"frc4451","63.5973416684874","36.7322670982064","26.8650745702811"
"frc6167","24.3526284678056","38.7551267644105","-14.4024982966049"
"frc4073","0.990735269879529","23.467320291905","-22.4765850220255"
"frc1398","3.31873097430127","21.5556703358323","-18.236939361531"
"frc5472","26.8074686515814","48.7187169146403","-21.9112482630589"
"frc1287","34.4114080553761","3.59174099747715","30.8196670578989"
"frc1539","24.6628190434956","37.3689224221499","-12.7061033786542"
"frc1553","12.2501298075778","17.1438642666892","-4.89373445911138"
"frc5842","5.98279552930529","30.6749633960673","-24.692167866762"
"frc4965","34.9634842234663","16.7877028696349","18.1757813538314"
"frc7085","29.15011619042","19.2380637011406","9.91205248927939"
"frc4748","20.2444309729929","20.0705121722371","0.173918800755796"
"frc4020","54.0915576734251","20.6193881518543","33.4721695215707"
"frc4243","34.6245884468164","31.6878300843181","2.93675836249835"
"frc3140","17.8592031074749","5.78902664743657","12.0701764600384"
"frc2187","24.6260429455185","25.563157616888","-0.93711467136951"
"frc3824","62.2930472324553","33.1867525226277","29.1062947098276"
"frc283","29.2155253708411","21.3188705748154","7.89665479602571"
"frc3653","57.9185069341951","50.8623071182066","7.05619981598849"
"frc4074","21.4414031670972","30.785047034974","-9.34364386787679"
"frc4764","-11.2094532415808","57.621415594259","-68.8308688358398"
"frc6961","13.5143767383867","26.8275105896101","-13.3131338512234"
"frc3489","26.0305717814507","34.6767677615634","-8.64619598011268"
"frc1319","17.4544945406176","43.8027920207623","-26.3482974801448"
"frc1051","45.3702912046244","42.4947729370989","2.87551826752548"
"frc3976","13.7552573697184","22.6880724762526","-8.93281510653429"
"frc5063","20.3012860285174","44.3085823432645","-24.0072963147471"
"frc4847","9.24752524565019","24.5214200229895","-15.2738947773394"
"frc4075","56.4608148309667","51.145673287954","5.31514154301278"
"frc6626","22.4610473352339","28.2025442605256","-5.74149692529177"
"frc281","37.2054365616618","4.6807644789696","32.5246720826922"
"frc5943","3.04095055124359","24.1067257257811","-21.0657751745375"
"frc4582","19.6994478689506","31.3275627867644","-11.6281149178138"
"frc1369","7.21741759748804","10.2779180957384","-3.06050049825033"
"frc8137","15.3609582956801","10.5073727978161","4.85358549786405"
"frc5022","6.24440274809325","2.14967000610988","4.09473274198337"
"frc1758","53.07147246058","52.3290398655401","0.742432595039929"
"frc5777","17.583579350339","21.122670372101","-3.53909102176196"
"frc4471","21.1519809799406","26.143644115051","-4.99166313511048"
"frc6222","11.3147599365906","11.5751268216389","-0.260366885048324"
"frc4267","4.91807140935019","31.0437591097612","-26.125687700411"
"frc846","12.5728154470052","-9.0051358335006","21.5779512805058"
"frc694","99.476476466637","46.2759628276778","53.2005136389593"
"frc3651","7.86675248713327","31.8095009532935","-23.9427484661602"
"frc4083","30.4731562522549","26.3729361646644","4.10022008759046"
"frc7431","29.1456780354813","21.2226708257656","7.92300720971567"
"frc6693","7.56260898726589","22.0651873625927","-14.5025783753269"
"frc4011","-0.491735625027644","-1.27384538715264","0.782109762124994"
"frc2530","-1.36071813028781","-6.43342049186454","5.07270236157673"
"frc7021","-0.44337839953895","-0.986724834950372","0.543346435411422"
"frc171","-0.636566042571004","-2.13377457127129","1.49720852870028"
"frc6758","0.128301667598648","2.40761995842392","-2.27931829082528"
"frc6022","-0.518008045608762","-1.42983762675506","0.911829581146301"
"frc4021","-0.50014536274618","-1.32377812239997","0.823632759653788"
"frc5019","-0.636566042571004","-2.13377457127129","1.49720852870028"
"frc5339","-0.636931874169386","-2.13594669279974","1.49901481863036"
"frc5003","-0.542194051338864","-1.57344179863663","1.03124774729776"
"frc5903","-0.649370148514354","-2.20979882476719","1.56042867625284"
"frc5914","-1.36291311987809","-6.44645322103527","5.08354010115717"
"frc3090","-0.491735625027644","-1.27384538715264","0.782109762124994"
"frc8024","0.279913271026599","3.30781236724361","-3.02789909621701"
"frc3055","-0.491735625027644","-1.27384538715264","0.782109762124994"
"frc6166","-0.491735625027644","-1.27384538715264","0.782109762124994"
"frc4610","52.3612937645595","25.151312109124","27.2099816554355"
"frc624","49.7457129437604","19.0644824896956","30.6812304540648"
"frc6155","10.9418029035607","36.1526895403195","-25.2108866367589"
"frc5866","32.4302791351001","21.1401918311382","11.2900873039619"
"frc3545","17.6587832044945","23.3074563242176","-5.64867311972319"
"frc8053","17.8828000357302","38.8637542034965","-20.9809541677663"
"frc5572","34.0334483945957","20.1262089669801","13.9072394276155"
"frc1817","34.1783420393083","29.4176456017729","4.7606964375354"
"frc4734","15.246219151227","41.0707543139901","-25.8245351627631"
"frc3743","19.6988087194541","29.3435984629285","-9.64478974347443"
"frc7872","3.7003730416979","9.68069000867513","-5.98031696697723"
"frc2881","33.4238452920514","30.5673496007654","2.85649569128599"
"frc6357","15.511856753123","10.3222594307981","5.1895973223249"
"frc2789","14.684892386569","16.7122485872763","-2.02735620070726"
"frc5986","36.4652829021686","31.2176687540366","5.24761414813202"
"frc2613","10.4579456838274","10.4571519375742","0.000793746253226146"
"frc7621","3.1452612646866","18.0572825432958","-14.9120212786092"
"frc7837","9.95150500025746","28.8779689560094","-18.9264639557519"
"frc3847","74.2828533920884","26.7960645378688","47.4867888542196"
"frc3676","33.4864901286913","21.1087824046939","12.3777077239974"
"frc8088","0.738569025227998","9.43548673222226","-8.69691770699426"
"frc4641","23.1150604777851","37.4517777623233","-14.3367172845382"
"frc3240","17.0513621162378","27.286993613835","-10.2356314975972"
"frc6315","-4.60549660724075","12.1245428621649","-16.7300394694056"
"frc1477","46.0543771520638","20.4325456698214","25.6218314822425"
"frc5503","16.4369186166661","34.7411089995606","-18.3041903828945"
"frc5411","32.1827661913496","19.3713428081394","12.8114233832102"
"frc5829","10.1925029331049","28.1977758496406","-18.0052729165357"
"frc7138","8.90481194677822","25.0048706683079","-16.1000587215297"
"frc8114","29.3142505874156","20.1339126657376","9.18033792167799"
"frc3834","24.954664594146","21.2198222381497","3.73484235599631"
"frc6664","6.2791417148497","33.1148747315421","-26.8357330166924"
"frc6377","43.6447031008903","35.1283798895836","8.5163232113067"
"frc5417","37.894844385709","14.5969111219179","23.2979332637911"
"frc7534","19.5825130275188","49.556720476193","-29.9742074486742"
"frc4206","14.4308914313903","35.2681737906971","-20.8372823593068"
"frc6526","19.9533038128254","26.142853999543","-6.18955018671759"
"frc4295","3.03159021848859","42.9319544983863","-39.9003642798977"
"frc5892","45.4420415074019","25.5491984346564","19.8928430727456"
"frc6321","24.9135128338405","24.9730479212162","-0.0595350873757496"
"frc5052","15.393875623811","40.8037859397486","-25.4099103159377"
"frc1296","25.049565875568","36.2778245376438","-11.2282586620759"
"frc3005","31.8290856146117","25.6626107729711","6.16647484164065"
"frc2805","25.8093925716385","28.2948875816764","-2.48549501003792"
"frc5242","33.6072754347965","26.2828899781521","7.32438545664438"
"frc2582","32.3276448159177","13.9210165471745","18.4066282687433"
"frc3037","10.5086640712588","33.5087986177515","-23.0001345464926"
"frc8055","13.3788269888317","28.1271355357365","-14.7483085469049"
"frc6901","1.11995974905118","27.0943102145351","-25.9743504654839"
"frc6768","48.1407916228951","23.0576444632157","25.0831471596794"
"frc2468","87.5883290608834","21.2884359194122","66.2998931414712"
"frc7125","10.5562921561824","30.6173284404305","-20.0610362842481"
"frc6646","1.47361508506232","8.49291179744464","-7.01929671238232"
"frc7319","14.1891293491169","35.3955473828373","-21.2064180337204"
"frc2969","14.8275695999527","25.3016864942277","-10.474116894275"
"frc3310","44.3042447628939","27.8357410963034","16.4685036665905"
"frc5212","6.68845030737416","27.4776430151836","-20.7891927078094"
"frc2714","70.7515280905946","24.1610966374029","46.5904314531917"
"frc7708","4.94550732821364","31.5148105233479","-26.5693031951343"
"frc8177","35.8465224745745","25.0365660867208","10.8099563878537"
"frc2687","60.0168816373147","32.0450900702148","27.9717915670998"
"frc4717","8.27963833435153","26.2087212922152","-17.9290829578637"
"frc1895","47.8433252284926","35.6739682449458","12.1693569835468"
"frc4472","72.0811079602024","27.0897118571522","44.9913961030502"
"frc2421","28.7465516823979","41.465835280591","-12.7192835981931"
"frc614","46.6302568568704","38.6827839475995","7.94747290927088"
"frc3274","28.2427810163466","24.739898610828","3.50288240551859"
"frc1727","51.1153141727456","31.5531115340579","19.5622026386877"
"frc2199","43.1726375101675","47.0551503272807","-3.88251281711321"
"frc5546","49.0117447889809","31.7356179877728","17.2761268012081"
"frc339","29.77207148005","18.9571919632019","10.8148795168481"
"frc1111","36.521265386636","41.9186639538459","-5.39739856720994"
"frc6882","22.2893540496165","20.8386502050202","1.45070384459635"
"frc1915","27.7935652159263","30.6817412215623","-2.88817600563597"
"frc4099","42.669839698805","27.3261043142246","15.3437353845804"
"frc2849","41.4007421855503","23.3170678490453","18.083674336505"
"frc1719","29.897360878651","32.4317201769357","-2.53435929828471"
"frc8326","5.32551811221839","34.1645472164262","-28.8390291042079"
"frc3373","24.1152738471497","41.26743327783","-17.1521594306804"
"frc611","9.88111861348722","46.0180336364142","-36.136915022927"
"frc612","17.0971594294529","23.9750639382687","-6.87790450881579"
"frc2363","55.3884421109812","33.639330638944","21.7491114720372"
"frc539","39.8430607556251","33.178490899954","6.6645698556711"
"frc4505","20.2623707962455","43.4633883186968","-23.2010175224513"
"frc1731","21.6427264530419","30.215997193391","-8.57327074034909"
"frc2988","15.4246652941094","21.8214884640214","-6.39682316991204"
"frc1123","21.5729774609795","13.7586385968649","7.81433886411458"
"frc686","20.9351666086825","41.9825436595009","-21.0473770508185"
"frc836","63.7956030280277","37.4465785713723","26.3490244566554"
"frc620","27.863310790539","42.4554161636826","-14.5921053731436"
"frc5243","5.5776029322381","17.585590641733","-12.0079877094949"
"frc2819","1.52309217688986","35.1179557308575","-33.5948635539676"
"frc6504","14.407080273183","27.906558367673","-13.49947809449"
"frc1418","39.8845583656754","33.3384398009139","6.54611856476149"
"frc2186","40.273561747828","33.3144114840948","6.95915026373317"
"frc116","11.0389781584468","31.2151027168052","-20.1761245583584"
"frc2900","8.58196560088543","18.3957384721336","-9.81377287124815"
"frc623","56.1089200067192","36.7314463078989","19.3774736988203"
"frc8230","17.6605645858815","30.9796108690612","-13.3190462831797"
"frc3650","15.922814822096","31.8565477257037","-15.9337329036078"
"frc2930","41.3361230839528","25.8956195139339","15.4405035700189"
"frc2976","59.4561820406697","37.877700335346","21.5784817053237"
"frc4918","30.8759608953371","21.3151766250883","9.56078427024874"
"frc4512","31.4485673460108","35.7425144746553","-4.29394712864448"
"frc949","24.9231968775832","17.5118124266178","7.41138445096539"
"frc4131","34.5571729977563","41.8472562593459","-7.29008326158961"
"frc1318","40.3540849826454","16.4867847947468","23.8673001878986"
"frc4513","35.6585220257114","41.2580770706606","-5.5995550449492"
"frc7461","34.1892393686479","46.886403907271","-12.6971645386231"
"frc1778","34.8796273791078","25.9634342362122","8.91619314289567"
"frc1899","38.7266636169075","35.9757651732351","2.75089844367235"
"frc492","28.3420825698073","22.0376702930731","6.30441227673413"
"frc4089","40.545666389558","42.4255513061613","-1.8798849166033"
"frc8059","6.55430372537908","24.6927819596116","-18.1384782342325"
"frc2412","7.71841199065066","24.105043659234","-16.3866316685833"
"frc2522","38.0687443786057","40.6876494047356","-2.61890502612993"
"frc3070","26.7358645225192","13.7160292318801","13.0198352906391"
"frc4911","56.7404030995016","27.7318232899187","29.0085798095829"
"frc2903","1.14551016257158","40.225694547375","-39.0801843848034"
"frc4173","22.9507874206344","43.3685572164891","-20.4177697958546"
"frc4309","18.4048306689808","36.2525134480523","-17.8476827790715"
"frc4180","16.2515967045222","22.3734593379029","-6.12186263338069"
"frc5588","23.9364621540227","24.3537913798431","-0.417329225820477"
"frc2910","81.3946785433836","23.4264458213076","57.968232722076"
"frc8248","7.42711169737179","32.6046920991251","-25.1775804017533"
"frc4683","10.7779147723615","21.997401700899","-11.2194869285375"
"frc3826","55.6636289906762","32.5510640045275","23.1125649861487"
"frc4205","10.4482144477821","11.8392260841741","-1.39101163639203"
"frc7627","12.3746285580291","30.3309068317466","-17.9562782737176"
"frc2928","8.21470938312405","46.3054906547454","-38.0907812716214"
"frc7118","26.3280616654351","19.0606616016271","7.26740006380802"
"frc8032","10.7334625491061","36.1744994791935","-25.4410369300874"
"frc4915","31.7598513683115","21.409483434215","10.3503679340965"
"frc4681","43.4772718930162","40.5649054570388","2.91236643597739"
"frc1294","10.8593085956853","30.4911940790659","-19.6318854833806"
"frc3268","19.0313106117512","12.0902142473026","6.94109636444854"
"frc4682","2.4891621556269","15.7257135430202","-13.2365513873933"
"frc3117","30.7309709437229","15.6429641349433","15.0880068087796"
"frc4041","9.36913223193039","-4.45600950217235","13.8251417341027"
"frc5962","28.4542260668598","15.7292259618102","12.7250001050496"
"frc238","16.840588313173","30.0409294194223","-13.2003411062494"
"frc3323","-24.7072054549051","15.2738715437884","-39.9810769986935"
"frc2713","4.44232981148491","-0.33327432114945","4.77560413263436"
"frc2342","38.1744995540568","15.1816578105029","22.9928417435539"
"frc2079","0.691262732642717","15.1373175104438","-14.4460547778011"
"frc246","-14.0182310378682","0.732387979673984","-14.7506190175422"
"frc2084","1.77372021561201","21.9125038552742","-20.1387836396622"
"frc1721","-35.7049140183534","-6.00420471639401","-29.7007093019593"
"frc296","23.6895445403238","17.9256148524179","5.76392968790593"
"frc5813","-36.3245666644137","-29.301399265721","-7.02316739869272"
"frc58","21.5586470395991","10.8302104809102","10.7284365586889"
"frc3467","13.9470047373724","35.7336799854784","-21.786675248106"
"frc1073","-9.15812740841529","-0.543019195512756","-8.61510821290254"
"frc3986","-22.3103302356662","-3.74522562228132","-18.5651046133848"
