"2003","OPR","DPR","CCWM"
"frc201","31.5057210337489","27.1153829755524","4.39033805819654"
"frc47","26.4365668014606","22.6666154474478","3.7699513540128"
"frc547","38.3455127047697","13.7055807522449","24.6399319525247"
"frc313","22.3160134742679","24.0064808642558","-1.69046738998793"
"frc233","50.893240220176","18.5152891361339","32.3779510840422"
"frc168","23.4531486049298","21.2145109406052","2.23863766432456"
"frc384","29.4715520804902","13.0098031769531","16.4617489035371"
"frc69","27.4412671661156","17.3699369726686","10.071330193447"
"frc647","23.8719672259579","16.458086219339","7.41388100661884"
"frc1108","42.6314003953465","25.7750377963543","16.8563625989922"
"frc868","35.4805801942958","21.2687970786134","14.2117831156824"
"frc59","39.4780808257606","27.7241862692019","11.7538945565587"
"frc618","35.1369114946966","25.2023551378637","9.93455635683287"
"frc433","20.7571755211109","12.9775012428394","7.77967427827149"
"frc222","32.3417759755178","17.9810944538858","14.360681521632"
"frc353","27.3025640590043","22.7039747048867","4.59858935411754"
"frc365","19.987514782317","19.5879175967386","0.39959718557844"
"frc1034","1.2105705226549","56.1610192293734","-54.9504487067185"
"frc665","33.5467256642787","30.157885468393","3.38884019588576"
"frc97","29.3400304111159","8.33015164371633","21.0098787673996"
"frc1153","7.8207977563378","46.3864942860148","-38.565696529677"
"frc854","20.9485991210207","23.5322046817249","-2.58360556070419"
"frc267","22.5273372820477","34.9774519180739","-12.4501146360263"
"frc85","24.6445041680824","18.2430883244337","6.40141584364872"
"frc815","33.407376414238","25.9634645852084","7.44391182902964"
"frc237","12.9364528245046","21.1634707898022","-8.2270179652976"
"frc469","40.7876695349451","17.3283113035555","23.4593582313896"
"frc65","29.2847777162364","20.7699685357722","8.51480918046423"
"frc405","40.625772410255","20.801957042009","19.8238153682461"
"frc120","13.3996518655944","51.1369055526725","-37.7372536870781"
"frc692","26.7355995803735","25.5745080845835","1.16109149578999"
"frc771","16.1011605788997","37.6486439909917","-21.547483412092"
"frc75","32.7821543726305","19.3797730462817","13.4023813263488"
"frc157","33.0182125379923","17.9535793129777","15.0646332250146"
"frc491","2.31595895352804","49.1265050225666","-46.8105460690386"
"frc11","23.2502200191469","31.7706172044004","-8.52039718525345"
"frc535","21.4712295746439","25.468210386261","-3.99698081161711"
"frc226","29.38296288173","23.0898665029235","6.2930963788065"
"frc306","40.7703359375856","23.8156727561322","16.9546631814535"
"frc842","18.8720695057037","30.5354035332016","-11.6633340274979"
"frc335","21.2796429866977","15.9710204876286","5.30862249906906"
"frc211","21.0588260349766","33.2271170869293","-12.1682910519527"
"frc980","29.0032858319298","17.1585841965045","11.8447016354252"
"frc507","30.2186812521729","14.0153354563326","16.2033457958403"
"frc295","30.1759645318535","10.8847919042784","19.2911726275752"
"frc177","12.0249609351984","30.0485711849618","-18.0236102497633"
"frc125","28.213333751364","14.3451459162404","13.8681878351236"
"frc134","21.812307704605","30.4044797240269","-8.59217201942196"
"frc1187","14.2582176662945","41.2854951272333","-27.0272774609388"
"frc281","31.4514225811487","21.5564563770526","9.89496620409611"
"frc703","17.9971350427849","18.5748527027907","-0.577717660005778"
"frc1158","31.7467845157853","29.5694773286998","2.17730718708543"
"frc967","45.1350703966491","21.9688041679606","23.1662662286885"
"frc22","27.5787574955366","28.4911431660686","-0.912385670532007"
"frc606","19.3444995034546","31.4777664763697","-12.1332669729151"
"frc111","29.1350983238327","14.5355184028034","14.5995799210292"
"frc1001","15.1407390062646","28.1787238450104","-13.0379848387458"
"frc393","18.9902052924791","30.8922989794257","-11.9020936869466"
"frc903","16.6188462846201","37.3487396748802","-20.7298933902601"
"frc557","24.5255261571978","39.8231548449461","-15.2976286877482"
"frc190","26.9041362891177","31.3689746110412","-4.4648383219235"
"frc453","8.68697642211089","21.0229924985796","-12.3360160764688"
"frc953","24.7461458991011","32.0209783957895","-7.27483249668843"
"frc476","15.6955098472339","11.1488809291048","4.54662891812912"
"frc933","33.3908346052621","9.85500395867433","23.5358306465878"
"frc1088","54.584331009187","23.6537173064538","30.9306137027333"
"frc250","40.9847604603427","33.6255897912599","7.35917066908288"
"frc807","22.2123542639689","25.9592537452896","-3.74689948132066"
"frc1140","31.2273266249352","21.8705440992257","9.35678252570953"
"frc34","36.965324012401","21.5101485294755","15.4551754829254"
"frc147","38.7132131343305","23.2848450437156","15.4283680906148"
"frc1055","12.3730820636012","17.8284701553967","-5.45538809179555"
"frc342","24.7734476393692","28.5957121518197","-3.82226451245049"
"frc192","26.5487791338011","15.6803057970329","10.8684733367682"
"frc330","30.8845749438335","20.4530733970013","10.4315015468322"
"frc989","25.5952628206365","19.8872834656204","5.70797935501616"
"frc968","32.9613237025735","8.46301753538448","24.498306167189"
"frc460","21.9846327052834","34.5536585506943","-12.5690258454109"
"frc1212","33.91788310613","28.907475467918","5.01040763821204"
"frc624","33.8930452616589","24.9122847376252","8.98076052403372"
"frc57","15.8282388621753","12.6881430691581","3.14009579301712"
"frc898","23.4436486005119","34.6718738324828","-11.2282252319709"
"frc80","22.2308422799514","6.51599596535909","15.7148463145923"
"frc812","17.2000022039211","26.4213646559232","-9.22136245200211"
"frc1223","19.2409153236656","11.0698517773844","8.17106354628117"
"frc1060","2.00078429632719","49.1565671952001","-47.1557828988729"
"frc874","30.6020048444871","33.186454776508","-2.58444993202095"
"frc207","37.8880748620696","16.6656616686958","21.2224131933738"
"frc294","25.1630815588285","16.0190397650109","9.14404179381754"
"frc696","31.4466541891684","14.1997378059424","17.2469163832261"
"frc64","26.3320127269774","43.6837873916311","-17.3517746646537"
"frc1165","2.53224681163818","46.3436907553483","-43.8114439437101"
"frc1011","28.6648760142934","25.0314815582742","3.63339445601917"
"frc1181","14.9774734160146","26.2234646808488","-11.2459912648343"
"frc988","25.5903076521752","38.9381617635976","-13.3478541114223"
"frc991","20.6104320378041","35.5390456335253","-14.9286135957212"
"frc234","33.605725778333","17.6298830557787","15.9758427225543"
"frc698","38.4176813616855","23.4464877663917","14.9711935952937"
"frc990","17.2998817965438","40.3502495080624","-23.0503677115187"
"frc1150","14.0910854152875","19.4306685343519","-5.33958311906444"
"frc60","34.275526388776","7.54822159018298","26.727304798593"
"frc362","9.97695304097282","29.8001178702881","-19.8231648293153"
"frc68","31.1587195054491","15.379408689262","15.7793108161871"
"frc498","34.1485938169077","20.0402436856704","14.1083501312374"
"frc987","17.4544106169494","26.5953534599044","-9.14094284295497"
"frc962","17.996133216006","36.0745622138636","-18.0784289978576"
"frc1046","29.2855350976423","20.4982389240303","8.78729617361201"
"frc599","35.6715652527391","21.0397418519045","14.6318234008345"
"frc399","45.8238229591812","16.8046122182415","29.0192107409396"
"frc589","29.1798054735019","32.3056291489631","-3.12582367546115"
"frc585","26.076955339682","16.7953411946984","9.28161414498352"
"frc691","23.1310058505154","26.7377744391066","-3.60676858859115"
"frc973","28.282399873921","17.5472443923941","10.7351554815269"
"frc702","35.6799250314074","13.4830232834019","22.1969017480055"
"frc580","3.32771211262945","41.5229192589785","-38.195207146349"
"frc1079","2.15470275924457","44.226243514575","-42.0715407553305"
"frc576","17.652146814256","49.7498786438587","-32.0977318296027"
"frc981","13.4887583712839","40.1681780170511","-26.6794196457673"
"frc1149","23.1904984616714","33.9217047732202","-10.7312063115488"
"frc1116","24.0868053199951","20.9829948494269","3.1038104705682"
"frc478","11.9351491737396","61.2682020916732","-49.3330529179336"
"frc974","26.6856591045803","23.4202885621434","3.26537054243688"
"frc851","50.8464324806704","9.67204439448183","41.1743880861886"
"frc848","11.9481181254896","14.3587131664692","-2.41059504097967"
"frc1115","22.1664948546607","37.7979851513395","-15.6314902966788"
"frc1138","-0.337254062939957","39.2973793099941","-39.634633372934"
"frc1047","38.4990177219553","7.86032280319779","30.6386949187575"
"frc867","5.86187945021021","20.0267519414731","-14.1648724912629"
"frc1110","20.1299186855375","66.9578272488895","-46.827908563352"
"frc687","10.8691406940877","49.46600368598","-38.5968629918923"
"frc259","55.2662202259324","28.2894063292378","26.9768138966946"
"frc697","27.9755330097154","30.51230809724","-2.53677508752459"
"frc8","21.5426198539642","17.5173990654035","4.02522078856075"
"frc1070","33.8671698246559","30.0003210717973","3.86684875285864"
"frc597","39.5815390145881","34.4327466488964","5.14879236569173"
"frc1125","11.1606770970925","9.97862609526531","1.18205100182715"
"frc1148","8.35640303107653","38.6335226348946","-30.2771196038181"
"frc861","17.2476614782835","29.7554093794635","-12.50774790118"
"frc1105","1.12239695569728","36.4286232768234","-35.3062263211261"
"frc701","25.6366512042263","28.7272753500317","-3.09062414580544"
"frc1159","15.1347759349129","15.3564965017343","-0.221720566821455"
"frc1197","10.6621692508253","29.8091269056458","-19.1469576548205"
"frc598","19.671960240057","20.969283481897","-1.29732324184003"
"frc1136","16.3688988718551","9.65709323225157","6.71180563960352"
"frc1135","28.4680721534957","22.3813666826552","6.08670547084057"
"frc1160","35.1878473338522","30.8802643706788","4.30758296317341"
"frc992","33.9676348876452","31.3771923804643","2.59044250718091"
"frc494","33.211539324814","16.7210926169058","16.4904467079081"
"frc25","37.6190191848734","14.2904731866463","23.3285459982271"
"frc343","38.5022383334179","6.70261867642941","31.7996196569885"
"frc341","25.0463773478199","20.9068765718205","4.13950077599945"
"frc175","21.9496493193379","18.426213481342","3.52343583799587"
"frc236","18.2781825275511","15.2569901676403","3.02119235991081"
"frc292","38.5270189718316","28.8894665052319","9.63755246659971"
"frc378","27.2944393199187","15.1885735628982","12.1058657570205"
"frc302","28.612549821752","11.2228748979121","17.3896749238399"
"frc176","40.0105133956363","17.2089521364666","22.8015612591697"
"frc716","34.1320142823454","14.4836990986498","19.6483151836956"
"frc870","18.0202993335065","18.5102116953658","-0.489912361859311"
"frc19","13.8614875462096","24.6584556775491","-10.7969681313395"
"frc1059","33.3097451184649","23.984375694231","9.32536942423391"
"frc166","26.52273853089","10.924266618308","15.598471912582"
"frc96","28.7762171554235","4.76960461115259","24.0066125442709"
"frc230","21.7315106358017","26.9629329471968","-5.23142231139509"
"frc126","33.071269332798","14.0288767834544","19.0423925493436"
"frc38","18.9753449823018","37.0205130859325","-18.0451681036307"
"frc1124","33.423290109391","35.6149056387848","-2.19161552939376"
"frc209","23.2068590354377","22.5346148649256","0.672244170512077"
"frc839","24.5096740866464","21.8708431996463","2.63883088700004"
"frc1071","24.1201193571057","34.0412969125937","-9.92117755548796"
"frc663","10.022950141556","29.3199073099907","-19.2969571684347"
"frc571","31.4970011210313","18.979639925449","12.5173611955823"
"frc809","22.2293532650153","29.5367113395342","-7.30735807451892"
"frc173","25.8117121943803","11.6619249630263","14.149787231354"
"frc558","4.3962879414822","48.1404770581586","-43.7441891166764"
"frc1100","26.5295642127111","29.8983028665261","-3.36873865381504"
"frc296","18.5511523952782","19.9793063964046","-1.42815400112642"
"frc181","14.0252827195886","22.767156760471","-8.74187404088244"
"frc229","19.5498470944561","26.0870918331717","-6.53724473871564"
"frc178","20.392955496556","32.6559998370038","-12.2630443404477"
"frc287","24.0180287486817","15.9093313521554","8.10869739652631"
"frc155","28.3217226961245","33.6098328835668","-5.28811018744226"
"frc905","30.1186491697479","44.1789220570299","-14.060272887282"
"frc999","12.9338743832417","40.1835444022603","-27.2496700190185"
"frc521","1.60579339337632","36.8658074068353","-35.2600140134589"
"frc195","22.931683341873","15.2959363089975","7.63574703287556"
"frc782","39.1916228974487","10.8529372633599","28.3386856340888"
"frc228","11.3738176362307","24.5396414899665","-13.1658238537358"
"frc103","29.0339468834413","27.2910236668124","1.74292321662894"
"frc87","30.610658394953","17.8490171820466","12.7616412129064"
"frc650","32.2447721103801","15.4657384469366","16.7790336634435"
"frc522","43.4915494939673","8.38648745473707","35.1050620392302"
"frc71","36.3562529531133","22.7616726745781","13.5945802785352"
"frc223","31.8988676743205","20.7756871063762","11.1231805679443"
"frc191","23.0278243993738","19.0465824349397","3.98124196443405"
"frc48","41.3491243399592","15.0171096994452","26.332014640514"
"frc322","27.949555339806","19.6939135641637","8.25564177564232"
"frc781","28.0245284106337","29.1584662187074","-1.13393780807364"
"frc269","15.066098939063","28.9970391597568","-13.9309402206938"
"frc203","21.0927853020591","23.3547930419748","-2.26200773991573"
"frc245","33.0854450259187","16.746097916355","16.3393471095638"
"frc371","7.2952800757884","25.3527545376436","-18.0574744618552"
"frc713","18.544079301738","39.9272924721253","-21.3832131703873"
"frc955","25.6574566898834","20.2150653266889","5.44239136319453"
"frc171","34.8853541036589","10.6073362949528","24.2780178087061"
"frc695","25.1850428663807","20.5960123047284","4.58903056165233"
"frc1035","10.6980363656958","36.3798213951723","-25.6817850294765"
"frc148","40.2533856210696","3.42044618689934","36.8329394341703"
"frc79","15.5561536714032","27.3395494531613","-11.7833957817581"
"frc537","23.4020548638636","10.4096441234296","12.992410740434"
"frc321","18.3767088509883","36.2466273995894","-17.8699185486011"
"frc188","22.6044670969413","11.8068900694997","10.7975770274416"
"frc1057","19.938788203511","15.1572640660114","4.78152413749954"
"frc308","28.9270761564578","26.5223231797239","2.40475297673381"
"frc935","18.0489326780926","26.793305941409","-8.74437326331643"
"frc301","10.0867697449207","27.7914145807858","-17.7046448358651"
"frc677","22.0947466397778","44.8505202928253","-22.7557736530475"
"frc480","25.8884763134786","15.8783936391106","10.010082674368"
"frc470","37.6213328176103","15.0525877082644","22.5687451093459"
"frc337","26.511848084695","27.9399906546318","-1.42814256993679"
"frc857","35.2741072468218","31.2135664588541","4.06054078796767"
"frc1120","26.2728107790093","17.2385248414911","9.03428593751819"
"frc1","11.6823007479124","45.353987740655","-33.6716869927426"
"frc457","20.3497811253401","45.290409455857","-24.9406283305169"
"frc395","26.7246663931259","21.0973417633676","5.62732462975835"
"frc548","28.4187194419416","19.9966006866615","8.42211875528014"
"frc561","8.91175531557922","25.1518171273547","-16.2400618117754"
"frc386","44.079784642613","26.9955483323124","17.0842363103006"
"frc212","27.0908791749972","8.98119825121147","18.1096809237857"
"frc1023","16.1191879341677","29.9675247172827","-13.848336783115"
"frc513","11.8421689362395","42.7455181779011","-30.9033492416616"
"frc1005","20.1585217495967","32.6228317782656","-12.4643100286689"
"frc66","23.4500262037505","22.3074375273812","1.1425886763693"
"frc121","23.6487369695257","17.1817666220479","6.46697034747777"
"frc407","20.3149030248801","45.3270978443678","-25.0121948194876"
"frc16","44.8898974390744","13.1451814284144","31.7447160106601"
"frc115","30.6220119254333","11.6524670228221","18.9695449026112"
"frc971","27.3316057078562","29.2896791583939","-1.95807345053776"
"frc291","34.551681461985","28.9717896445046","5.57989181748042"
"frc135","28.7818019261385","18.2940528131238","10.4877491130147"
"frc357","17.0249582015531","42.103944140329","-25.0789859387759"
"frc35","30.1166604943782","18.3997761661638","11.7168843282144"
"frc1218","37.5245666224055","6.74110166663859","30.7834649557669"
"frc179","18.3542759544731","38.1242680641068","-19.7699921096337"
"frc159","14.8286415296294","25.9959472391113","-11.1673057094819"
"frc435","13.1615681646089","43.1361612777622","-29.9745931131533"
"frc869","11.3051935777107","26.4129487332415","-15.1077551555308"
"frc610","22.8332745719804","16.8241323655138","6.00914220646669"
"frc818","23.2417451778445","22.3866186623936","0.855126515450934"
"frc108","24.4624087817527","23.5445733451741","0.917835436578585"
"frc186","30.3653223448478","18.4830861686553","11.8822361761924"
"frc1065","10.873661676338","31.3311101721978","-20.4574484958598"
"frc1068","30.3467733719554","41.2535147143374","-10.9067413423821"
"frc456","28.4991042772778","33.6129549293626","-5.11385065208484"
"frc94","20.125160620856","18.8803802967598","1.24478032409618"
"frc21","24.5115701067094","28.1600673445903","-3.64849723788098"
"frc180","22.1144269896021","6.71744621043186","15.3969807791703"
"frc1083","21.3520284180983","24.9603718811535","-3.60834346305518"
"frc710","50.0430047208373","11.5414918882432","38.5015128325942"
"frc582","14.784917549371","44.4730780612462","-29.6881605118752"
"frc801","21.0033747162363","57.5647231161835","-36.5613483999471"
"frc408","20.431723489311","47.7507287548313","-27.3190052655203"
"frc459","14.3023942110938","43.2766517505777","-28.9742575394838"
"frc61","38.8239619153582","2.95289803211447","35.8710638832437"
"frc312","24.6702197107792","17.2359526468304","7.43426706394882"
"frc86","17.7571374692592","8.57754511325982","9.17959235599935"
"frc762","55.9071231151694","20.0835944858227","35.8235286293467"
"frc6","18.0307798041886","31.7453567354701","-13.7145769312815"
"frc1062","13.9859879729479","40.4213140690992","-26.4353260961513"
"frc1029","19.786355370316","7.90979362750991","11.8765617428061"
"frc1144","45.478255585899","4.99823221466475","40.4800233712343"
"frc780","25.3837782541365","43.4222873848113","-18.0385091306748"
"frc588","7.66474949821633","67.8045631941212","-60.1398136959049"
"frc654","20.5527734343424","27.3929329035119","-6.84015946916952"
"frc685","22.3276316919986","30.0423093855845","-7.71467769358592"
"frc845","31.2361115599025","45.3205405811024","-14.0844290211999"
"frc945","16.4368150920529","23.870326255409","-7.43351116335619"
"frc528","19.0094084894575","29.4087845528346","-10.3993760633771"
"frc462","26.5141069615378","15.4250096834157","11.0890972781221"
"frc1102","29.2288277654725","6.62803028974819","22.6007974757243"
"frc888","34.1096168808889","25.5076355373423","8.6019813435466"
"frc1183","12.3243004764145","23.9821450103102","-11.6578445338957"
"frc158","24.2049523090274","14.5951912753402","9.60976103368711"
"frc908","30.9928946450215","7.80710944107562","23.1857852039459"
"frc1007","26.5197735412838","25.7359075174438","0.783866023840041"
"frc900","18.0659188965892","18.8522944889736","-0.78637559238441"
"frc1002","8.4095166958781","17.8139041773645","-9.40438748148636"
"frc356","40.2271348782817","11.4357706876945","28.7913641905873"
"frc1077","12.6716291911254","21.6233979410539","-8.95176874992851"
"frc1118","24.2595153291257","29.0365834385747","-4.77706810944899"
"frc1092","7.69279302022124","42.0905221076161","-34.3977290873948"
"frc832","13.499069149472","51.0215633036057","-37.5224941541337"
"frc1069","15.2486732022574","-0.528254504054889","15.7769277063123"
"frc1016","12.3751970968299","29.2657737307264","-16.8905766338964"
"frc1139","6.94639783825602","39.2583728340677","-32.3119749958117"
"frc1026","41.7799305548753","31.0067814456591","10.7731491092162"
"frc866","17.5573979402009","41.1988265965156","-23.6414286563147"
"frc1040","17.478087806111","31.3256033010066","-13.8475154948956"
"frc1225","-3.37304399108711","29.1522618305046","-32.5253058215917"
"frc415","28.7524785220511","27.8617322109183","0.890746311132883"
"frc803","15.6264621437092","14.5165067099064","1.10995543380285"
"frc1180","19.769975943348","18.9367140848778","0.833261858470177"
"frc644","-4.87590484537856","24.9432865689947","-29.8191914143733"
"frc1041","12.5721816813762","60.8435628795817","-48.2713811982056"
"frc1081","32.4656786835897","52.7204631697059","-20.2547844861162"
"frc1167","11.1074571574977","32.9817274033111","-21.8742702458134"
"frc1177","36.0663826040001","50.7578433077818","-14.6914607037817"
"frc1166","23.0816248068218","39.0727608529747","-15.9911360461529"
"frc1127","7.60305178973487","5.92696396985207","1.6760878198828"
"frc167","28.3337078133439","20.8807275643884","7.45298024895549"
"frc231","34.257583165987","28.1645670103309","6.0930161556561"
"frc486","33.752611385703","22.7304295901627","11.0221817955403"
"frc118","24.2755706796049","9.00814765532786","15.267423024277"
"frc303","23.3578614577552","9.53372949819683","13.8241319595584"
"frc33","29.7007323297145","14.6318707718677","15.0688615578469"
"frc555","23.6890001865065","16.1896739940551","7.49932619245143"
"frc263","31.8947979496006","22.1138558803274","9.78094206927327"
"frc1038","33.9884848292144","25.2400808123348","8.74840401687954"
"frc638","21.8090262406542","30.6617550764137","-8.85272883575954"
"frc541","34.2875795778885","14.7363740896169","19.5512054882716"
"frc123","27.279561538708","19.1405552394208","8.13900629928715"
"frc379","12.7182685145699","21.1132033646789","-8.39493485010896"
"frc503","26.2937065057586","34.2594742755963","-7.9657677698377"
"frc891","25.2578919590804","17.6618138972559","7.59607806182447"
"frc519","14.6889760108047","17.756882481015","-3.06790647021029"
"frc225","25.5045574642379","23.274900101794","2.2296573624439"
"frc334","12.9268617677097","40.036744784765","-27.1098830170552"
"frc814","8.86195793372857","27.9320732975447","-19.0701153638161"
"frc9","22.9088894796856","17.0464208482559","5.86246863142976"
"frc293","12.5551675047024","38.2001880615411","-25.6450205568387"
"frc662","28.8093624743099","11.856418700373","16.9529437739369"
"frc249","17.0054414613442","18.0526116769574","-1.04717021561317"
"frc45","23.6617041539271","29.8866587245202","-6.22495457059306"
"frc280","38.3834751356572","13.9923317618952","24.391143373762"
"frc755","21.8517951877048","31.5646321129039","-9.71283692519911"
"frc444","20.2535097646967","23.4024592676745","-3.14894950297778"
"frc391","20.2977402209959","25.6864584174272","-5.38871819643133"
"frc473","22.7239290325152","34.5148340593335","-11.7909050268182"
"frc359","24.6112970605852","8.99763332169217","15.613663738893"
"frc783","16.3797046617179","23.0137210773688","-6.63401641565086"
"frc145","8.08471390927564","42.3551589397171","-34.2704450304415"
"frc217","19.7965725460538","25.8766627553866","-6.08009020933279"
"frc95","14.5441013687691","26.542679796284","-11.9985784275149"
"frc74","43.3699849581589","23.1791666098894","20.1908183482694"
"frc931","37.1979965679779","15.3088010478911","21.8891955200869"
"frc529","20.9787250770765","17.8593711234392","3.11935395363733"
"frc461","16.2542503726048","23.4073804249156","-7.1531300523108"
"frc1147","26.5183125266655","25.8477130935666","0.670599433098868"
"frc421","20.8192254272908","26.5551483685182","-5.73592294122734"
"frc131","25.0323256637026","17.2936221064652","7.73870355723747"
"frc449","-2.82486672273471","25.4609797082598","-28.2858464309945"
"frc348","28.7928263277409","22.3063701853609","6.48645614238004"
"frc977","15.1686809439467","18.6116676615015","-3.44298671755482"
"frc84","24.7561829865435","20.7096096597956","4.0465733267479"
"frc279","20.9393595347269","21.4405864064223","-0.501226871695426"
"frc963","28.7066640972979","23.4732895316887","5.23337456560924"
"frc67","30.8909075184487","29.3254589249886","1.56544859346015"
"frc658","33.774328028586","13.8440044650175","19.9303235635685"
"frc70","16.3757991644584","32.6111552893801","-16.2353561249217"
"frc910","34.2629947731402","29.8100346918586","4.4529600812816"
"frc560","24.8303404058109","14.731752243071","10.0985881627399"
"frc894","23.8277379454468","50.6374236303255","-26.8096856848787"
"frc247","24.5638331470389","27.9659796739656","-3.40214652692667"
"frc397","18.2675454354114","38.6989074860568","-20.4313620506454"
"frc27","37.7437075496498","15.8011958029841","21.9425117466657"
"frc1037","24.1057610403132","26.3097667295774","-2.20400568926423"
"frc830","7.89392414678722","16.0518246031735","-8.15790045638624"
"frc1015","25.159029625476","32.1927481231618","-7.03371849768576"
"frc573","16.3214287135359","36.3702382276247","-20.0488095140888"
"frc440","14.8084093281963","22.2856104626259","-7.47720113442961"
"frc184","24.3451373930729","23.9687609738124","0.376376419260563"
"frc1017","54.3625545018114","15.0622169868731","39.3003375149382"
"frc240","22.0146466328558","63.5971002779533","-41.5824536450976"
"frc326","19.3161494957723","30.7077060327304","-11.3915565369581"
"frc468","10.8066775179376","21.2847969600669","-10.4781194421293"
"frc182","11.8393618229777","32.827569996861","-20.9882081738833"
"frc406","24.4025886216001","34.9040410941584","-10.5014524725582"
"frc1010","22.6676367151243","28.3095828507761","-5.64194613565179"
"frc1216","-0.497101014863284","37.167757335158","-37.6648583500213"
"frc1188","24.9164114613862","31.1390481045051","-6.22263664311886"
"frc49","22.6424734520885","26.6951455994349","-4.05267214734643"
"frc515","16.6485426601399","27.1804651096002","-10.5319224494603"
"frc471","17.9308530869003","34.1393265701035","-16.2084734832032"
"frc1189","9.91298865714421","36.4852313179885","-26.5722426608443"
"frc1213","20.688046206299","29.9690359772137","-9.2809897709147"
"frc314","33.3102335071211","21.2913641839442","12.0188693231769"
"frc822","19.1929472521776","56.8939908100118","-37.7010435578342"
"frc5","24.16007497486","28.9366287357543","-4.77655376089434"
"frc862","7.47790864425623","32.8791089843544","-25.4012003400982"
"frc382","30.1119067878284","21.0228041869317","9.08910260089663"
"frc101","27.0954665095161","18.660539348424","8.43492716109213"
"frc648","23.4249974838894","19.0475184212966","4.37747906259279"
"frc1163","28.9092470248773","37.7865298802694","-8.87728285539208"
"frc554","22.6804888329111","9.45648923300405","13.223999599907"
"frc942","34.8678622754896","27.3630911271158","7.50477114837383"
"frc754","29.6530988644328","28.1562929261425","1.49680593829034"
"frc930","15.6929299483582","18.4915198433204","-2.7985898949622"
"frc892","26.4982506348875","33.9121723048286","-7.41392166994111"
"frc1106","20.9499214654757","28.3119577316674","-7.36203626619175"
"frc1064","13.8924997014647","52.1463825633286","-38.2538828618639"
"frc829","32.3263002919698","44.425110543909","-12.0988102519392"
"frc81","6.73675787912044","40.4708520642145","-33.734094185094"
"frc447","27.8664427036872","27.1010799879083","0.765362715778839"
"frc909","32.2780601372864","16.067472333617","16.2105878036694"
"frc1103","16.5982266474633","12.9418363211407","3.6563903263226"
"frc288","20.6793228009009","25.9733618667507","-5.29403906584977"
"frc92","23.7661355414645","39.1427850301503","-15.3766494886857"
"frc1091","32.1287971293168","15.8890791641459","16.239717965171"
"frc706","5.04148038750786","20.566012390424","-15.5245320029161"
"frc107","19.9045509682065","39.8813220705855","-19.976771102379"
"frc93","13.2707469121867","29.0955277621565","-15.8247808499698"
"frc1042","12.8335721110005","35.2037112860982","-22.3701391750977"
"frc1220","11.8217571314284","27.4103892708841","-15.5886321394557"
"frc1018","19.1813344532079","24.9294776212065","-5.74814316799861"
"frc514","35.168072221958","10.0475537856485","25.1205184363096"
"frc569","32.346493614712","14.002559057756","18.343934556956"
"frc545","29.5476891501198","9.50324845091306","20.0444406992067"
"frc871","18.4827830786995","37.5208619701787","-19.0380788914793"
"frc566","19.7879729100377","26.1924959375364","-6.40452302749867"
"frc527","19.8492092215955","24.8002326782986","-4.95102345670307"
"frc506","28.1018890891186","27.4919057754832","0.609983313635372"
"frc30","25.3329081775931","28.9906392280515","-3.65773105045843"
"frc496","7.1654840021226","25.0340079956565","-17.8685239935339"
"frc42","18.2343094240005","25.9713468535116","-7.73703742951112"
"frc570","37.183344233014","17.2789104445434","19.9044337884707"
"frc1203","39.2511988132645","10.1272768593277","29.1239219539368"
"frc884","19.7139819632574","39.7821513506776","-20.0681693874202"
"frc533","-5.96876640050439","49.8553734480187","-55.8241398485231"
"frc358","36.5004737558883","14.8619918180947","21.6384819377935"
"frc271","29.8715028596253","17.404409191505","12.4670936681203"
"frc1226","16.5211426063109","39.7979527829643","-23.2768101766534"
"frc270","29.5415109306082","6.88667920351621","22.654831727092"
"frc564","7.70634675709117","26.2218249990963","-18.5154782420051"
"frc311","25.5659011628276","14.1482938569683","11.4176073058593"
"frc810","27.9633806943627","10.7332562671555","17.2301244272072"
"frc417","1.13827666147318","51.3525304877418","-50.2142538262686"
"frc373","8.84537842628113","45.1735109156168","-36.3281324893357"
"frc1019","7.31050748578632","49.2890086991583","-41.978501213372"
"frc28","38.5517505809535","-3.53639664773712","42.0881472286906"
"frc505","7.34857646255735","54.2901758019762","-46.9415993394189"
"frc467","16.9694015237382","26.8135433244596","-9.84414180072145"
"frc329","44.3684911752717","4.72052281377977","39.6479683614919"
"frc484","33.6488992164222","27.4753669947467","6.1735322216755"
"frc858","31.4700017157802","22.7400020692626","8.72999964651762"
"frc614","28.1038422845198","15.2981842798805","12.8056580046393"
"frc1027","32.8033441563398","16.4380506212636","16.3652935350761"
"frc686","34.1550820224042","12.708180116037","21.4469019063672"
"frc339","30.9095509412299","25.5791602216495","5.33039071958032"
"frc1195","31.1356084209044","45.7187538033265","-14.5831453824222"
"frc333","2.35186055745686","51.3570754153471","-49.0052148578902"
"frc53","21.8315666541589","22.7894325329557","-0.957865878796778"
"frc928","12.7480255389308","36.0848854580207","-23.3368599190899"
"frc165","19.9714806071859","41.9346142824882","-21.9631336753024"
"frc602","12.9468579283323","61.7093769341483","-48.762519005816"
"frc596","45.9675092382449","21.1890977532478","24.7784114849971"
"frc1131","43.5645326114541","41.8818970688279","1.68263554262618"
"frc56","25.4056941184911","29.0299279072566","-3.62423378876548"
"frc204","25.7893971781131","22.1727979497002","3.6165992284129"
"frc639","40.135947235916","14.4393654443684","25.6965817915476"
"frc1123","33.7385802097339","13.8522520316919","19.886328178042"
"frc7","30.9827591995408","3.82107616175979","27.161683037781"
"frc487","21.5142615229274","35.3216603331679","-13.8073988102404"
"frc804","8.29724041810424","41.8889447170849","-33.5917042989807"
"frc316","25.5821620705941","26.7832635575251","-1.20110148693101"
"frc1184","6.98545266247891","62.216430492353","-55.2309778298741"
"frc398","25.4072818357096","14.3437332114932","11.0635486242164"
"frc300","20.3473678879088","27.1359783636547","-6.78861047574595"
"frc652","-3.38675302683936","33.8799677749792","-37.2667208018185"
"frc1168","15.7779255829738","32.6496598950303","-16.8717343120565"
"frc272","24.7386345344547","27.7904938548769","-3.05185932042224"
"frc615","9.90384328543832","53.0781525363181","-43.1743092508798"
"frc1111","-2.75276185073864","45.6355877623796","-48.3883496131182"
"frc116","14.0193066819414","19.9743244329108","-5.95501775096938"
"frc651","38.2180102691187","22.2825030852845","15.9355071838343"
"frc836","29.4046727466749","25.0961938019316","4.30847894474329"
"frc768","28.7975593570776","21.897430567133","6.90012878994456"
"frc518","28.8104158167972","24.5583229856905","4.25209283110668"
"frc128","26.0938039972587","13.1947284800674","12.8990755171914"
"frc235","21.4835685342845","21.3123269452537","0.171241589030778"
"frc902","26.7756628765909","4.4938822592244","22.2817806173665"
"frc1000","11.5062080041926","24.443999831063","-12.9377918268704"
"frc904","13.4204739347614","42.7631232874541","-29.3426493526927"
"frc1227","-0.803926228968293","37.4471943261956","-38.2511205551639"
"frc141","20.2037245431154","23.12538983561","-2.92166529249464"
"frc877","26.1081309043461","17.7628507099057","8.34528019444048"
"frc1178","25.827959353929","31.5480938213617","-5.72013446743262"
"frc770","23.0654934865804","18.828012324259","4.23748116232134"
"frc936","42.4697522840059","21.7996899198791","20.6700623641268"
"frc442","39.9862700275805","15.1694074601483","24.8168625674323"
"frc525","46.7834540419583","3.03729858422486","43.7461554577334"
"frc1098","39.3734988594634","35.593732616337","3.7797662431264"
"frc878","22.5940529608273","2.18523026795787","20.4088226928694"
"frc1210","10.9102271778409","30.2955285965537","-19.3853014187128"
"frc876","9.41827190953986","32.9134129279909","-23.495141018451"
"frc765","5.41888166716102","37.3389016810027","-31.9200200138417"
"frc764","25.5975843015781","34.3185540429169","-8.72096974133879"
"frc1182","8.4078507033803","7.99380528175571","0.414045421624596"
"frc939","16.0259051128648","30.2451622499766","-14.2192571371118"
"frc937","9.13407151319508","35.7531544504721","-26.619082937277"
"frc1024","25.3004722869383","24.2235411920009","1.07693109493735"
"frc1090","24.8748148179401","23.0183548543019","1.85645996363812"
"frc875","20.2119196489666","29.5997288946402","-9.38780924567356"
"frc31","26.0348319891963","18.0311847907972","8.00364719839907"
"frc982","27.3648881870872","24.8900705717058","2.4748176153814"
"frc906","25.0670815408765","36.1050839824502","-11.0380024415737"
"frc1020","9.63409598591715","62.0226466890734","-52.3885507031563"
"frc1215","-1.57671177934384","55.8766337193915","-57.4533454987353"
"frc1209","21.6287048003023","28.0789591013678","-6.45025430106548"
"frc1067","16.6777908093162","28.7270159588483","-12.0492251495322"
"frc1094","22.517241310382","34.1163827483556","-11.5991414379736"
"frc1101","18.9295634714194","45.2978412731321","-26.3682778017126"
"frc941","11.9108424030766","69.5251916684419","-57.6143492653652"
"frc879","35.4537949737206","-0.700160324417704","36.1539552981383"
"frc940","4.52409354623878","37.0538692961879","-32.5297757499491"
"frc1028","23.7891479428897","15.3251801399678","8.46396780292192"
"frc1208","21.1085094835065","20.7063899768593","0.40211950664721"
"frc538","18.9600958327525","22.1744861840643","-3.21439035131182"
"frc938","19.777561624125","22.455278548591","-2.67771692446609"
"frc1104","40.9672157361678","0.187812024860454","40.7794037113074"
"frc880","33.9920680452424","42.1571701496733","-8.16510210443082"
"frc224","29.1952143788099","35.4042228621266","-6.20900848331667"
"frc1114","27.0897902049621","28.4482943966288","-1.35850419166668"
"frc753","27.4308552587032","19.4235969260666","8.00725833263654"
"frc481","25.8928139855981","10.79289036983","15.099923615768"
"frc811","17.8126771966957","31.7894150811835","-13.9767378844878"
"frc73","20.9563006503911","32.9872492297823","-12.0309485793912"
"frc117","3.24021243155125","41.0699155361726","-37.8297031046213"
"frc587","36.6532899199988","30.9223107310594","5.73097918893935"
"frc345","17.9935256623561","28.1888002174418","-10.1952745550857"
"frc1126","25.5520113218418","17.8377327629833","7.71427855885854"
"frc441","23.1237499269473","33.2398364286656","-10.1160865017183"
"frc63","27.066935807994","13.6804742682019","13.3864615397921"
"frc501","21.3602192012845","30.9062112765749","-9.54599207529036"
"frc88","28.8810609024623","14.5088125146048","14.3722483878575"
"frc957","24.0883053307745","17.3395478400174","6.74875749075709"
"frc254","27.5914054684099","10.4629973683231","17.1284081000869"
"frc151","27.2934664567652","27.363450161988","-0.0699837052228069"
"frc213","20.4312670163669","34.5290269294878","-14.0977599131209"
"frc388","25.2019282231498","28.5002320688765","-3.29830384572671"
"frc304","27.7056389080256","19.2701543492985","8.43548455872711"
"frc975","38.3045669015944","31.8542104015852","6.45035650000912"
"frc549","32.0260318768618","10.4021849924778","21.623846884384"
"frc122","19.3433198224883","30.3362350715361","-10.9929152490478"
"frc563","20.8922690211333","30.4377236767957","-9.54545465566244"
"frc1156","16.9989238373437","21.1174659317981","-4.11854209445433"
"frc41","10.0789777530833","43.1218060265987","-33.0428282735154"
"frc912","27.9798022743286","29.4327899328817","-1.45298765855311"
"frc1058","31.3750653842337","16.3457615021377","15.029303882096"
"frc500","23.4186698837267","20.4566368868534","2.96203299687325"
"frc885","22.2023122293576","35.4502413992174","-13.2479291698598"
"frc133","5.96368571410069","29.0364208652915","-23.0727351511908"
"frc40","4.72304342480942","28.2951016337665","-23.5720582089571"
"frc138","36.0553252866332","13.0768042840525","22.9785210025807"
"frc140","22.5431272356977","28.6399532402264","-6.09682600452864"
"frc319","18.2780209149858","49.2003007949799","-30.9222798799941"
"frc172","34.4537827885422","2.56448810406833","31.8892946844739"
"frc1152","1.96491597160445","35.805057383975","-33.8401414123705"
"frc1073","29.6285365527038","25.7453144201257","3.88322213257812"
"frc246","19.5753101074257","36.9192700072098","-17.343959899784"
"frc238","9.45756116902657","26.9413391921528","-17.4837780231262"
"frc1161","28.2295224792257","26.2158777839953","2.01364469523043"
"frc58","45.7693739180514","3.26907027710009","42.5003036409513"
"frc241","18.1333041807844","23.6851897374292","-5.55188555664477"
"frc562","34.919619401851","19.3111583366007","15.6084610652503"
"frc637","23.3408372108417","18.9638362799684","4.37700093087337"
"frc381","5.42824380451747","28.021506456944","-22.5932626524266"
"frc1089","15.9485074732708","16.7518394374835","-0.803331964212761"
"frc136","32.8927013435548","15.0115181807491","17.8811831628057"
"frc550","31.5495616775743","27.6257752799127","3.92378639766153"
"frc1048","34.5624822264277","11.5073457350057","23.055136491422"
"frc896","12.5893143947634","34.5819535825547","-21.9926391877913"
"frc340","32.9164039359453","12.8428265005283","20.073577435417"
"frc174","22.3200081360901","26.9371159923358","-4.61710785624573"
"frc102","31.0131907271751","15.0663600143858","15.9468307127893"
"frc219","13.753358344543","31.1172408530007","-17.3638825084576"
"frc352","11.2285649156845","33.5003939525563","-22.2718290368719"
"frc709","17.8229022421891","26.6595217150367","-8.83661947284751"
"frc1228","16.8164672084047","22.4534683641753","-5.63700115577061"
"frc613","15.9991138004598","35.6246074256172","-19.6254936251574"
"frc714","18.0328723734718","29.2332795188081","-11.2004071453362"
"frc752","17.5554629237715","35.584002600861","-18.0285396770895"
"frc694","23.2402066042173","21.4493270480519","1.79087955616546"
"frc1224","14.2411505022013","39.6955394240379","-25.4543889218366"
"frc1237","33.2462261755891","16.9334736203892","16.3127525551999"
"frc354","10.1049140738859","26.0935111476362","-15.9885970737503"
"frc369","18.0517908977972","42.8067410823484","-24.7549501845512"
"frc380","32.6638605487572","19.195879288268","13.4679812604892"
"frc1238","17.7764678505825","30.4853188420093","-12.7088509914267"
"frc1230","22.7838839963593","20.7091913526972","2.07469264366211"
"frc806","2.6673508772237","43.6876473469362","-41.0202964697125"
"frc1211","11.8824393627332","33.4321727829253","-21.5497334201922"
"frc759","39.9263395533878","14.7575785380558","25.1687610153321"
"frc640","23.3906493043382","29.8605517465203","-6.46990244218206"
"frc743","4.65784809265801","36.5049940262952","-31.8471459336372"
"frc1155","15.8099418788464","25.8226700233438","-10.0127281444974"
"frc711","15.0770783181191","35.6571063528326","-20.5800280347135"
"frc331","11.9163770717777","23.8676306160418","-11.9512535442641"
"frc375","45.2050469028776","0.79344145965959","44.411605443218"
"frc835","37.6377053119327","29.9932853409316","7.64441997100118"
"frc872","25.7275879699554","39.3163302896446","-13.5887423196892"
"frc1006","27.141362458869","12.4627574430289","14.67860501584"
"frc964","19.9245574504204","18.7229181425308","1.20163930788965"
"frc883","8.97414989197639","30.984174508241","-22.0100246162646"
"frc1030","3.03793421052069","34.4039975070245","-31.3660632965038"
"frc276","19.8279918094458","30.5475803349483","-10.7195885255025"
"frc859","30.0332325033822","8.17214653910402","21.8610859642782"
"frc642","18.7626901162813","14.5571212829724","4.20556883330892"
"frc1022","51.3838962368651","29.4021520249318","21.9817442119333"
"frc451","21.9821004992032","14.2950980606757","7.68700243852745"
"frc144","16.7641513434656","30.7612612228925","-13.9971098794269"
"frc966","10.7229202397123","28.207019313624","-17.4840990739117"
"frc808","23.4722895831958","26.008453757549","-2.53616417435315"
"frc578","19.5685827778123","31.6753186417143","-12.106735863902"
"frc1206","6.04546099529983","23.5278137987754","-17.4823528034756"
"frc1122","13.6023830563349","51.4833139441118","-37.8809308877769"
"frc979","13.4131771969119","39.5219545952663","-26.1087773983545"
"frc1008","35.1067980671086","14.3857914244007","20.7210066427079"
"frc1014","27.0081902978166","13.2202150596867","13.7879752381298"
"frc970","9.11206072812964","23.0189847204422","-13.9069239923125"
"frc1204","14.3127016503714","16.5994542711386","-2.28675262076713"
"frc274","22.6062977834908","29.8077166148059","-7.20141883131506"
"frc772","43.6865703776229","-12.2937556972742","55.9803260748971"
"frc1141","39.8722073505056","34.9399688010298","4.93223854947581"
"frc773","55.0368382060813","17.6094687346393","37.427369471442"
"frc1036","42.5303918985875","17.3798201428894","25.1505717556981"
"frc820","38.824646987666","13.6220674827031","25.2025795049629"
"frc919","27.7965365068493","26.7900463254089","1.00649018144039"
"frc1219","29.674028342978","31.3304634169007","-1.65643507392269"
"frc1084","17.940341164675","17.0679714084334","0.872369756241589"
"frc914","1.47039537385249","27.8437874196785","-26.373392045826"
"frc1053","17.9555626268306","23.5407827976073","-5.58522017077664"
"frc1112","16.2760071328092","9.93711628004378","6.3388908527654"
"frc1063","14.831297769797","31.1601264892576","-16.3288287194605"
"frc886","8.22692651336178","53.441937575992","-45.2150110626302"
"frc913","37.9951732462306","-1.71774902725444","39.7129222734851"
"frc865","-1.54586254786158","56.7421262689443","-58.2879888168059"
"frc1009","27.245788236204","20.1575218701594","7.08826636604455"
"frc1229","21.9283517021684","34.7873988813007","-12.8590471791324"
"frc1109","3.56125945084794","67.8492357626902","-64.2879763118422"
"frc776","22.4543722644123","20.9801072843572","1.47426498005505"
"frc1129","20.0706819534138","31.8499016833581","-11.7792197299443"
"frc758","8.69753895044846","28.0967202609067","-19.3991813104583"
"frc907","3.94087035801279","55.9586531033489","-52.0177827453361"
"frc917","-0.933568668412707","46.703957815517","-47.6375264839297"
"frc1049","15.4193740479673","36.4629320799277","-21.0435580319604"
"frc1146","10.8911847301891","29.6640753022451","-18.772890572056"
"frc849","44.0253562783012","12.3784890154672","31.646867262834"
"frc1221","31.1942635920026","30.3300212485909","0.864242343411643"
"frc1075","5.83407504470687","17.1716481023134","-11.3375730576066"
"frc843","29.8292714333584","14.4574690899741","15.3718023433844"
"frc1232","16.5355484468154","42.1862986515708","-25.6507502047554"
"frc1113","30.9510269316954","18.5415642885561","12.4094626431393"
"frc816","29.856706515696","22.0472865701069","7.80941994558908"
"frc383","30.880599575791","24.6273323816846","6.25326719410639"
"frc834","21.9021216570824","31.4659292836386","-9.56380762655625"
"frc1143","6.29697913986173","40.0546956425998","-33.7577165027381"
"frc708","15.9070287895703","29.0246804838713","-13.1176516943009"
"frc422","22.7480386746734","21.1012543350328","1.64678433964061"
"frc104","26.2880956062628","17.6694010264923","8.61869457977043"
"frc448","37.3526754264661","10.5454012001582","26.807274226308"
"frc1202","20.2005449839999","16.0994196421856","4.10112534181429"
"frc1185","18.9084946930671","17.9373147991315","0.971179893935581"
"frc1199","8.56255346767245","34.562808891425","-26.0002554237526"
"frc1200","20.3415100099804","21.7332687074889","-1.39175869750844"
"frc284","20.0208352469587","14.591092260391","5.42974298656774"
"frc1191","8.00379020522378","39.2770014927265","-31.2732112875028"
"frc1151","22.1207275221424","37.2091635083993","-15.0884359862569"
"frc1082","19.5517925246609","37.1285540972227","-17.5767615725618"
"frc841","17.2065347160942","15.1946820342362","2.01185268185803"
"frc1052","12.17205265014","38.0591445244777","-25.8870918743377"
"frc961","29.9083512752508","8.6560017038236","21.2523495714272"
"frc1072","22.0563059819364","20.4494304352513","1.60687554668517"
"frc950","15.7009590730662","28.9794453041053","-13.2784862310391"
"frc645","18.1191365817828","36.2809311340077","-18.1617945522249"
"frc954","4.41860578510425","44.9849536257417","-40.5663478406374"
"frc100","23.0039591379417","17.5393384104083","5.46462072753339"
"frc376","23.1486759063092","33.5546218364477","-10.4059459301385"
"frc114","23.4951515395597","16.1791851747969","7.31596636476281"
"frc1097","6.47025318936807","43.0119238995132","-36.5416707101451"
"frc256","17.7825615590499","34.9279857913136","-17.1454242322637"
"frc492","23.2487211323332","20.5360141941647","2.71270693816853"
"frc846","27.1827203236477","3.7365982336092","23.4461220900385"
"frc766","23.4458463340498","30.8652418885905","-7.41939555454068"
"frc1031","35.4225006597291","13.100245629549","22.3222550301802"
"frc1043","33.2389247239724","13.9523961911031","19.2865285328693"
"frc604","28.7872043705153","34.9701288621734","-6.18292449165809"
"frc632","17.0846779625327","18.4681710538411","-1.38349309130844"
"frc827","1.12420574299313","54.3974610688197","-53.2732553258266"
"frc852","45.8523429149607","5.94722610051677","39.905116814444"
"frc675","19.6305436717577","31.2395404604026","-11.6089967886449"
"frc649","13.708542167205","24.8856513881144","-11.1771092209095"
"frc751","14.0886389344121","28.5267615636365","-14.4381226292244"
"frc258","29.9565602312563","18.0871096393037","11.8694505919526"
"frc668","29.7920248352438","35.0482168883672","-5.25619205312345"
"frc1045","25.5342463318088","35.3941873917098","-9.85994105990104"
"frc972","20.6230296992343","17.8612362369041","2.76179346233018"
"frc831","30.2547357415151","21.8369553078989","8.41778043361627"
"frc605","22.0645770776945","26.4073858307639","-4.34280875306933"
"frc253","21.7735743286123","17.023091572825","4.75048275578723"
"frc368","43.7511024600527","10.536170123727","33.2149323363257"
"frc840","25.3703112103972","14.2868458810856","11.0834653293116"
"frc581","39.3360822503154","17.2766739672777","22.0594082830378"
"frc409","1.57802244379014","40.3443614630152","-38.766339019225"
"frc374","5.04132290395716","42.4561670467135","-37.4148441427564"
"frc499","23.614121409523","14.6728362070112","8.94128520251177"
"frc437","20.0217913033669","29.9913011448509","-9.96950984148408"
"frc660","13.9373152977123","29.4138780286322","-15.4765627309198"
"frc1205","11.1027960488602","17.3048674884042","-6.20207143954405"
"frc446","40.3961927133557","8.07277823753311","32.3234144758226"
"frc750","21.8656413279017","30.2919534395767","-8.42631211167499"
"frc418","14.2272849873187","47.8968478904152","-33.6695629030965"
"frc704","21.8809063697951","25.1955334501582","-3.31462708036312"
"frc1201","11.5192258885914","35.003884724614","-23.4846588360226"
"frc1214","20.9257452735609","20.3792017274702","0.5465435460907"
"frc590","7.00964914644356","38.2464833881449","-31.2368342417014"
"frc943","4.52339525627832","37.4586596174906","-32.9352643612123"
"frc653","20.8678246637924","39.7621286071254","-18.894303943333"
"frc1162","4.9578276341078","21.9439908286963","-16.9861631945885"
"frc364","41.3709759570421","4.60178563957708","36.7691903174651"
"frc1164","41.7252250933139","17.0490217578577","24.6762033354562"
"frc1235","8.27007442805052","38.7429617254362","-30.4728872973857"
"frc922","11.7005358917262","16.1735538377736","-4.47301794604745"
"frc620","28.5938198439495","33.9093739289153","-5.31555408496583"
"frc1132","28.1211410768636","-1.85715161209923","29.9782926889628"
"frc617","23.4271645699184","14.925643318354","8.50152125156444"
"frc1222","13.1827661831703","17.7034448393411","-4.52067865617074"
"frc346","17.2774128014261","23.5904900412914","-6.31307723986524"
"frc404","42.6736495044617","28.9252765825146","13.748372921947"
"frc1051","27.5415710340851","34.5747258117772","-7.03315477769216"
"frc414","22.4403309535316","1.62645371815625","20.8138772353754"
"frc1099","14.2270732081799","26.5843777294963","-12.3573045213164"
"frc497","34.8222765346371","30.4406075316102","4.38166900302693"
"frc400","6.98786104703706","55.100211544214","-48.1123504971769"
"frc510","44.0294824645134","8.48096188290104","35.5485205816124"
"frc540","19.9028490756302","17.1670747731941","2.73577430243616"
"frc611","26.2300700934176","33.9610140451389","-7.7309439517213"
"frc612","34.3780980893479","12.2028045110518","22.1752935782961"
"frc1054","12.0867133197991","65.0272647770814","-52.9405514572823"
"frc1096","-1.6393812198908","42.27450236569","-43.9138835855808"
"frc926","3.5497475360632","36.2404856983153","-32.6907381622521"
"frc769","26.4549139564378","37.7750630045755","-11.3201490481377"
"frc539","28.3419623395041","26.6728193528703","1.66914298663374"
"frc1093","18.9820488957607","27.123043062855","-8.14099416709427"
"frc825","28.3541889062247","4.18115696721109","24.1730319390137"
"frc976","17.5887104049116","18.0721701829706","-0.483459778059011"
"frc1086","18.6381737646701","60.7540728407561","-42.1158990760861"
"frc1095","26.1169662505585","15.7456956488945","10.371270601664"
"frc616","42.6371676496075","38.4762153579012","4.16095229170627"
"frc619","15.10535448772","55.5024770337514","-40.3971225460314"
"frc600","12.7106539691229","27.8546544298799","-15.144000460757"
"frc1033","19.7597859240127","37.3049760831891","-17.5451901591763"
"frc837","5.27074281193356","38.9324182704706","-33.661675458537"
"frc1137","21.6877414014275","5.04921544887702","16.6385259525505"
"frc623","49.424299993841","3.50110193213379","45.9231980617072"
"frc1154","-0.781479192509619","25.9059659736885","-26.6874451661981"
"frc416","2.39236213419469","30.0362085657461","-27.6438464315514"
"frc1172","37.7484396782066","27.8556905340804","9.89274914412622"
"frc1236","30.4871048036533","54.4302112501851","-23.9431064465318"
"frc401","11.6198656283262","22.7097663996422","-11.0899007713159"
"frc949","25.6386193563737","30.2299640192083","-4.59134466283462"
"frc628","29.2484242899956","38.900620832095","-9.6521965420994"
"frc1157","26.5846383897885","22.8057707452542","3.77886764453436"
"frc1039","14.1403715535172","46.4750017446259","-32.3346301911087"
"frc1056","22.2094354027529","34.6045767344669","-12.395141331714"
"frc1087","37.8419458261527","20.1233459739406","17.7185998522121"
"frc1130","-1.83892263680209","23.0629705755534","-24.9018932123555"
"frc360","25.6550085419923","22.5431219034834","3.1118866385089"
"frc948","40.0349704063943","25.8186969623566","14.2162734440377"
"frc636","11.529111946569","49.9568741087216","-38.4277621621527"
"frc997","23.7996137126398","21.4737528735898","2.32586083905002"
"frc824","14.2368173684059","31.13185214224","-16.8950347738341"
"frc998","18.7225081457187","12.5559454341108","6.16656271160789"
"frc1133","16.9231506410869","30.2740182775625","-13.3508676364756"
"frc568","4.19063609012988","15.2618283788685","-11.0711922887386"
"frc805","12.8616354792585","43.834873372826","-30.9732378935674"
"frc959","25.788481166459","10.8870186647356","14.9014625017234"
"frc443","29.9897572943731","6.1917146135861","23.798042680787"
"frc1190","22.7033128378375","29.140771120382","-6.43745828254452"
"frc847","18.6022471775152","14.6167792850101","3.98546789250505"
"frc488","30.9540992095092","40.3390088631993","-9.3849096536901"
"frc1169","29.8012583559678","49.2859371899895","-19.4846788340217"
"frc633","6.52855613638858","54.7201145442833","-48.1915584078947"
"frc956","13.8881295943772","19.3204458326097","-5.43231623823255"
"frc800","18.7085649044883","32.3077805094464","-13.599215604958"
"frc833","36.6533842630188","27.8072216717303","8.84616259128852"
